--
-- PostgreSQL database dump
--

\restrict zY0LezWMc7yUiT7KZ6g2H8veAKmblbZRadRypnFDGNX1E1Rhex2jjZM7P92NN6F

-- Dumped from database version 16.14
-- Dumped by pg_dump version 16.14

SET statement_timeout = 0;
SET lock_timeout = 0;
SET idle_in_transaction_session_timeout = 0;
SET client_encoding = 'UTF8';
SET standard_conforming_strings = on;
SELECT pg_catalog.set_config('search_path', '', false);
SET check_function_bodies = false;
SET xmloption = content;
SET client_min_messages = warning;
SET row_security = off;

--
-- Data for Name: approval_chains; Type: TABLE DATA; Schema: public; Owner: pouser
--

COPY public.approval_chains (created_at, updated_at, id, name, po_category, min_amount, max_amount, required_levels, sla_hours, is_active) FROM stdin;
2026-06-01 13:15:26.385073	2026-06-03 09:39:15.207555	0148752d-9757-4494-964c-9052d9dfffb1	Urgent Emergency 25K-50K	urgent_emergency	25000.00	50000.00	2	48	f
2026-06-01 13:15:26.384852	2026-06-03 09:39:15.207558	0353e557-b161-43b2-ba9c-5b77b1e19b54	Capital Expenditure > 1L	capital_expenditure	100001.00	\N	4	96	f
2026-06-01 13:15:26.383749	2026-06-03 09:39:15.207559	03821a0b-7dc6-43b8-be09-62462939be7f	Office Admin 50K-1L	office_admin	50001.00	100000.00	3	72	f
2026-06-01 13:15:26.382098	2026-06-03 09:39:15.207559	0a1ff016-5b6c-4109-91c8-b6c269a63c25	Equipment Rental > 1L	equipment_rental	100001.00	\N	4	96	f
2026-06-01 13:15:26.383475	2026-06-03 09:39:15.20756	13b25a2b-c5b4-40dc-b8c9-768b4a4de515	Office Admin < 1L	office_admin	0.00	24999.00	1	24	f
2026-06-01 13:15:26.3817	2026-06-03 09:39:15.207561	231cfd2c-c2a8-4058-aeb2-e0a1e64d0651	Equipment Rental 50K-1L	equipment_rental	50001.00	100000.00	3	72	f
2026-06-01 13:15:26.385179	2026-06-03 09:39:15.207561	2396a5c9-a957-4606-a259-75628d65c359	Urgent Emergency 50K-1L	urgent_emergency	50001.00	100000.00	3	72	f
2026-06-01 13:15:26.379571	2026-06-03 09:39:15.207562	286d4203-a926-469e-ade7-483d74a4ac6e	Material 25K-50K	material	25000.00	50000.00	2	48	f
2026-06-01 13:15:26.379306	2026-06-03 09:39:15.207562	2de9a2b2-c1be-439c-b579-562186ae877b	Material < 1L	material	0.00	24999.00	1	24	f
2026-06-01 13:15:26.38438	2026-06-03 09:39:15.207563	428ea27e-f078-482c-b080-a09c03282320	It Software > 1L	it_software	100001.00	\N	4	96	f
2026-06-01 13:15:26.380814	2026-06-03 09:39:15.207564	4bd501b2-5f49-448b-a191-dde00e35b228	Subcontractor 50K-1L	subcontractor	50001.00	100000.00	3	72	f
2026-06-01 13:15:26.380452	2026-06-03 09:39:15.207564	58c68894-28b4-4d9e-846d-54d1ee32a418	Subcontractor 25K-50K	subcontractor	25000.00	50000.00	2	48	f
2026-06-01 13:15:26.380145	2026-06-03 09:39:15.207565	5f925e14-a097-4b07-9a69-1e1f04a7847b	Subcontractor < 1L	subcontractor	0.00	24999.00	1	24	f
2026-06-01 13:15:26.384721	2026-06-03 09:39:15.207565	6f823a0a-accb-4772-88d1-7de861da871c	Capital Expenditure 50K-1L	capital_expenditure	50001.00	100000.00	3	72	f
2026-06-01 13:15:26.384005	2026-06-03 09:39:15.207566	760c2759-58c5-4326-9a39-9d2b09ca8c4d	It Software < 1L	it_software	0.00	24999.00	1	24	f
2026-06-01 13:15:26.385291	2026-06-03 09:39:15.207567	76417f3f-98b3-490f-8fe4-7420aebd3cc2	Urgent Emergency > 1L	urgent_emergency	100001.00	\N	4	96	f
2026-06-01 13:15:26.383628	2026-06-03 09:39:15.207567	7e71a6aa-f55b-4e92-977c-bd13040ccf32	Office Admin 25K-50K	office_admin	25000.00	50000.00	2	48	f
2026-06-01 13:15:26.384597	2026-06-03 09:39:15.207568	85dd7964-11bd-49a8-aada-e4cf60b9890c	Capital Expenditure 25K-50K	capital_expenditure	25000.00	50000.00	2	48	f
2026-06-01 13:15:26.384493	2026-06-03 09:39:15.207568	8c5ae2c4-fcac-4b47-a329-7adb70dfa9af	Capital Expenditure < 1L	capital_expenditure	0.00	24999.00	1	24	f
2026-06-01 13:15:26.384253	2026-06-03 09:39:15.207569	9340fc67-2d17-4e81-afaf-c7f1b79923c4	It Software 50K-1L	it_software	50001.00	100000.00	3	72	f
2026-06-01 13:15:26.383899	2026-06-03 09:39:15.20757	b0800311-e1cf-4000-8bdc-c3b076e1b53d	Office Admin > 1L	office_admin	100001.00	\N	4	96	f
2026-06-01 13:15:26.384964	2026-06-03 09:39:15.20757	bdcb0233-9ac2-4034-95fe-14a4c52950e1	Urgent Emergency < 1L	urgent_emergency	0.00	24999.00	1	24	f
2026-06-01 13:15:26.384129	2026-06-03 09:39:15.207571	cca08be4-bfd7-42b3-8db3-ad99224bad35	It Software 25K-50K	it_software	25000.00	50000.00	2	48	f
2026-06-01 13:15:26.381451	2026-06-03 09:39:15.207571	db2d4bdc-ecfb-444e-8fcc-10f3e8043d2c	Equipment Rental 25K-50K	equipment_rental	25000.00	50000.00	2	48	f
2026-06-01 13:15:26.380937	2026-06-03 09:39:15.207572	dd2bd940-e4bd-444a-8788-c865a2a7a987	Subcontractor > 1L	subcontractor	100001.00	\N	4	96	f
2026-06-01 13:15:26.38124	2026-06-03 09:39:15.207572	e6f1b58d-8d98-46c6-9ee8-09829575ab35	Equipment Rental < 1L	equipment_rental	0.00	24999.00	1	24	f
2026-06-01 13:15:26.379688	2026-06-03 09:39:15.207573	f39fcd72-9abf-4729-bd5c-6f532c9d4d1c	Material 50K-1L	material	50001.00	100000.00	3	72	f
2026-06-01 13:15:26.379885	2026-06-03 09:39:15.207574	fcdea1dd-f7d8-4029-9cf8-27d695ae622a	Material > 1L	material	100001.00	\N	4	96	f
2026-06-03 09:39:15.205273	2026-06-03 09:39:15.205276	a05a62fc-aff0-48b1-9207-17c7f992d74d	Material — All Amounts	material	0.00	\N	4	24	t
2026-06-03 09:39:15.205434	2026-06-03 09:39:15.205436	660e8041-8f57-48e5-af7a-80771a32ea29	Subcontractor — All Amounts	subcontractor	0.00	\N	4	24	t
2026-06-03 09:39:15.20556	2026-06-03 09:39:15.205563	2d4cee55-ae2d-45a0-a944-cb32d6bae439	Equipment Rental — All Amounts	equipment_rental	0.00	\N	4	24	t
2026-06-03 09:39:15.205653	2026-06-03 09:39:15.205654	f3cbce3f-3fad-4978-9fc2-7a1a2c4afefd	Office Admin — All Amounts	office_admin	0.00	\N	4	24	t
2026-06-03 09:39:15.205714	2026-06-03 09:39:15.205715	0307eb68-286c-4784-a079-d19fb18c1382	It Software — All Amounts	it_software	0.00	\N	4	24	t
2026-06-03 09:39:15.205785	2026-06-03 09:39:15.205787	103d93c7-8210-41ad-9f25-e384c97030f1	Capital Expenditure — All Amounts	capital_expenditure	0.00	\N	4	24	t
2026-06-03 09:39:15.205851	2026-06-03 09:39:15.205852	f8501fb0-b7f3-4423-973e-4341bb7b8f96	Urgent Emergency — All Amounts	urgent_emergency	0.00	\N	4	24	t
\.


--
-- Data for Name: projects; Type: TABLE DATA; Schema: public; Owner: pouser
--

COPY public.projects (created_at, updated_at, id, name, code, cost_centre, is_active) FROM stdin;
2026-05-29 13:20:51.595657	2026-05-29 13:20:51.595658	1ec8f3e1-dc63-4995-9a52-5862b7756ac0	Prestige Heights - Block A	PH-A	CC-CIVIL-01	t
2026-05-29 13:20:51.595705	2026-05-29 13:20:51.595706	bdb320ee-3c18-452a-a9b2-86077d5accaf	Prestige Heights - Block B	PH-B	CC-CIVIL-02	t
2026-05-29 13:20:51.595736	2026-05-29 13:20:51.595737	ace9ab70-fd4b-4b9c-86d7-eed9e33f00f9	Green Valley Phase 1	GV-1	CC-CIVIL-03	t
2026-05-29 13:20:51.595766	2026-05-29 13:20:51.595767	248165fe-b4bc-48e2-8b0d-5a1c553f4ee4	Head Office Renovation	HO-REV	CC-ADMIN-01	t
\.


--
-- Data for Name: sites; Type: TABLE DATA; Schema: public; Owner: pouser
--

COPY public.sites (id, name, code, location, is_active, created_at, updated_at) FROM stdin;
b59239f5-a676-44fb-bd10-d3593dd2c8f6	Shambhaji Nagar	S001	Shambhaji Nagar, Maharashtra	t	2026-06-03 11:05:10.696391	2026-06-03 11:05:10.696397
259be70b-e131-4a2e-b8ce-42eb9e41179c	Nepal	S002	Nepal	t	2026-06-03 11:05:10.69922	2026-06-03 11:05:10.699222
d91581d6-cd17-4f60-99a2-db0b914ba970	Bangalore	S003	Bangalore, Karnataka	t	2026-06-03 11:05:10.700411	2026-06-03 11:05:10.700413
f4a1f966-c2fd-487d-8497-79fc00df2a88	Assam	S004	Assam	t	2026-06-03 11:05:10.701378	2026-06-03 11:05:10.701379
\.


--
-- Data for Name: budget_categories; Type: TABLE DATA; Schema: public; Owner: pouser
--

COPY public.budget_categories (id, site_id, project_id, category, sub_category, budget_amount, spent_amount, is_active, created_at, updated_at) FROM stdin;
d55b8d93-ca6e-45de-9e89-4bb603f01876	b59239f5-a676-44fb-bd10-d3593dd2c8f6	\N	material	Bricks	150000.00	0.00	t	2026-06-03 11:05:10.708987	2026-06-03 11:05:10.70899
52226053-ab5a-4167-bb81-33d31a5bfe9e	b59239f5-a676-44fb-bd10-d3593dd2c8f6	\N	material	Paint	100000.00	0.00	t	2026-06-03 11:05:10.710039	2026-06-03 11:05:10.710041
0b587dee-4960-454a-8fad-141c848e2c11	b59239f5-a676-44fb-bd10-d3593dd2c8f6	\N	subcontractor	Electrical Work	400000.00	0.00	t	2026-06-03 11:05:10.711988	2026-06-03 11:05:10.71199
7da9c5c6-9274-473f-bfc1-4ec05cee8901	b59239f5-a676-44fb-bd10-d3593dd2c8f6	\N	subcontractor	Plumbing	300000.00	0.00	t	2026-06-03 11:05:10.712888	2026-06-03 11:05:10.71289
4be24698-51e0-4bf7-95df-55799eb37e48	b59239f5-a676-44fb-bd10-d3593dd2c8f6	\N	equipment_rental	Crane	250000.00	0.00	t	2026-06-03 11:05:10.713749	2026-06-03 11:05:10.713751
7e9f56f0-5f73-492f-ae11-c42874200635	b59239f5-a676-44fb-bd10-d3593dd2c8f6	\N	equipment_rental	JCB	200000.00	0.00	t	2026-06-03 11:05:10.714644	2026-06-03 11:05:10.714646
0c13a8f4-2771-4836-9139-6bcdad52c289	b59239f5-a676-44fb-bd10-d3593dd2c8f6	\N	equipment_rental	Generator	150000.00	0.00	t	2026-06-03 11:05:10.715635	2026-06-03 11:05:10.715637
dc2815f9-1594-4d69-8ef7-c028e5b10c8e	b59239f5-a676-44fb-bd10-d3593dd2c8f6	\N	office_admin	Stationery	50000.00	0.00	t	2026-06-03 11:05:10.716493	2026-06-03 11:05:10.716495
9e34e383-bb67-46c0-8fb1-ea7daafe5e44	b59239f5-a676-44fb-bd10-d3593dd2c8f6	\N	office_admin	Furniture	100000.00	0.00	t	2026-06-03 11:05:10.717398	2026-06-03 11:05:10.7174
ff46c9e9-d1ff-49c6-a76f-b696568bade6	b59239f5-a676-44fb-bd10-d3593dd2c8f6	\N	it_software	Hardware	200000.00	0.00	t	2026-06-03 11:05:10.718302	2026-06-03 11:05:10.718304
50b3d37d-bd5a-4250-937b-078ffe0cbbe7	b59239f5-a676-44fb-bd10-d3593dd2c8f6	\N	it_software	Software License	150000.00	0.00	t	2026-06-03 11:05:10.719181	2026-06-03 11:05:10.719182
f30e3670-a118-4cee-814f-0c73c4c6eefb	b59239f5-a676-44fb-bd10-d3593dd2c8f6	\N	capital_expenditure	Machinery	1000000.00	0.00	t	2026-06-03 11:05:10.72015	2026-06-03 11:05:10.720152
83d32606-3e73-4461-a491-1aeac1038b2f	b59239f5-a676-44fb-bd10-d3593dd2c8f6	\N	urgent_emergency	Emergency Repairs	300000.00	0.00	t	2026-06-03 11:05:10.721018	2026-06-03 11:05:10.72102
6f888574-c846-492a-bd35-31f045a7c744	b59239f5-a676-44fb-bd10-d3593dd2c8f6	\N	urgent_emergency	Safety Equipment	200000.00	0.00	t	2026-06-03 11:05:10.721921	2026-06-03 11:05:10.721924
71d18b93-ba18-456d-b43b-9086ac925aa9	259be70b-e131-4a2e-b8ce-42eb9e41179c	\N	material	Steel	500000.00	0.00	t	2026-06-03 11:05:10.72289	2026-06-03 11:05:10.722892
33c36fbc-4585-4728-ab54-1e92b6534fff	259be70b-e131-4a2e-b8ce-42eb9e41179c	\N	material	Cement	300000.00	0.00	t	2026-06-03 11:05:10.723923	2026-06-03 11:05:10.723925
402387dd-a9a6-43e7-993d-6ecb75d0759d	259be70b-e131-4a2e-b8ce-42eb9e41179c	\N	material	Sand	200000.00	0.00	t	2026-06-03 11:05:10.724835	2026-06-03 11:05:10.724837
212bc530-8fd9-4da1-9905-5daa44a129a4	259be70b-e131-4a2e-b8ce-42eb9e41179c	\N	material	Bricks	150000.00	0.00	t	2026-06-03 11:05:10.72568	2026-06-03 11:05:10.725682
008facef-25dc-4f8e-aeeb-691e4a17be59	259be70b-e131-4a2e-b8ce-42eb9e41179c	\N	material	Paint	100000.00	0.00	t	2026-06-03 11:05:10.726484	2026-06-03 11:05:10.726486
58a8fc69-6f21-4e17-bf78-c3f1b1397bdf	259be70b-e131-4a2e-b8ce-42eb9e41179c	\N	subcontractor	Civil Work	800000.00	0.00	t	2026-06-03 11:05:10.727436	2026-06-03 11:05:10.727437
d529f793-f850-4fbb-b849-d875487b9df7	259be70b-e131-4a2e-b8ce-42eb9e41179c	\N	subcontractor	Electrical Work	400000.00	0.00	t	2026-06-03 11:05:10.72832	2026-06-03 11:05:10.728322
de4ff997-469e-4dcd-acf1-ed32011d95d1	259be70b-e131-4a2e-b8ce-42eb9e41179c	\N	subcontractor	Plumbing	300000.00	0.00	t	2026-06-03 11:05:10.729211	2026-06-03 11:05:10.729213
b46bd9b6-942b-4bc2-bafc-5acca7971593	259be70b-e131-4a2e-b8ce-42eb9e41179c	\N	equipment_rental	Crane	250000.00	0.00	t	2026-06-03 11:05:10.730096	2026-06-03 11:05:10.730098
daa69292-070a-4b81-9ab0-3d3687279454	259be70b-e131-4a2e-b8ce-42eb9e41179c	\N	equipment_rental	JCB	200000.00	0.00	t	2026-06-03 11:05:10.730955	2026-06-03 11:05:10.730957
f9234ed0-291b-4925-9ef7-e505214c3c23	259be70b-e131-4a2e-b8ce-42eb9e41179c	\N	equipment_rental	Generator	150000.00	0.00	t	2026-06-03 11:05:10.731805	2026-06-03 11:05:10.731807
41d4e1d5-2248-4b33-b8eb-035b25433919	259be70b-e131-4a2e-b8ce-42eb9e41179c	\N	office_admin	Stationery	50000.00	0.00	t	2026-06-03 11:05:10.732625	2026-06-03 11:05:10.732627
30b360c2-a5d3-4220-8ad3-fbe9d20b7226	259be70b-e131-4a2e-b8ce-42eb9e41179c	\N	office_admin	Furniture	100000.00	0.00	t	2026-06-03 11:05:10.733407	2026-06-03 11:05:10.733409
88544b18-364e-454f-b0df-09d4290125f0	259be70b-e131-4a2e-b8ce-42eb9e41179c	\N	it_software	Software License	150000.00	0.00	t	2026-06-03 11:05:10.735114	2026-06-03 11:05:10.735116
856157db-6093-4ed2-aaea-882fc23aafce	259be70b-e131-4a2e-b8ce-42eb9e41179c	\N	capital_expenditure	Machinery	1000000.00	0.00	t	2026-06-03 11:05:10.736086	2026-06-03 11:05:10.736088
17b06681-a150-405f-98aa-fa340db9db09	259be70b-e131-4a2e-b8ce-42eb9e41179c	\N	urgent_emergency	Emergency Repairs	300000.00	0.00	t	2026-06-03 11:05:10.736938	2026-06-03 11:05:10.73694
cbc1c6d5-c7cf-4d4e-9eb9-7da1e0e2fe49	259be70b-e131-4a2e-b8ce-42eb9e41179c	\N	urgent_emergency	Safety Equipment	200000.00	0.00	t	2026-06-03 11:05:10.737718	2026-06-03 11:05:10.737719
d4f421b9-39a3-432e-8cc3-ffbf6c226b2d	d91581d6-cd17-4f60-99a2-db0b914ba970	\N	material	Steel	500000.00	0.00	t	2026-06-03 11:05:10.738499	2026-06-03 11:05:10.738501
31ee90bf-f871-439a-8d76-458342d84cdf	d91581d6-cd17-4f60-99a2-db0b914ba970	\N	material	Cement	300000.00	0.00	t	2026-06-03 11:05:10.739505	2026-06-03 11:05:10.739507
880c9c9b-510c-4fac-a196-c9cfafb817d9	d91581d6-cd17-4f60-99a2-db0b914ba970	\N	material	Sand	200000.00	0.00	t	2026-06-03 11:05:10.740318	2026-06-03 11:05:10.74032
1220b0d0-5ac6-4fe2-b2e7-d43625d3cbce	d91581d6-cd17-4f60-99a2-db0b914ba970	\N	material	Bricks	150000.00	0.00	t	2026-06-03 11:05:10.741217	2026-06-03 11:05:10.741219
c0668efd-251d-46e1-a541-291c956ac74b	d91581d6-cd17-4f60-99a2-db0b914ba970	\N	material	Paint	100000.00	0.00	t	2026-06-03 11:05:10.742107	2026-06-03 11:05:10.742109
125dfba7-20b2-40f3-8f43-eaacdeb823e4	d91581d6-cd17-4f60-99a2-db0b914ba970	\N	subcontractor	Civil Work	800000.00	0.00	t	2026-06-03 11:05:10.74316	2026-06-03 11:05:10.743163
7127fff7-8334-4b23-b0ff-fd714d88f29d	d91581d6-cd17-4f60-99a2-db0b914ba970	\N	subcontractor	Electrical Work	400000.00	0.00	t	2026-06-03 11:05:10.744092	2026-06-03 11:05:10.744093
d9b62aa1-61db-47c5-a0b9-43fc54882149	d91581d6-cd17-4f60-99a2-db0b914ba970	\N	subcontractor	Plumbing	300000.00	0.00	t	2026-06-03 11:05:10.745003	2026-06-03 11:05:10.745005
9baaf978-a932-48bb-9dbd-ae8fc04c7255	d91581d6-cd17-4f60-99a2-db0b914ba970	\N	equipment_rental	Crane	250000.00	0.00	t	2026-06-03 11:05:10.74587	2026-06-03 11:05:10.745871
be52bc48-fd71-41ff-930b-25b953ed79d3	d91581d6-cd17-4f60-99a2-db0b914ba970	\N	equipment_rental	JCB	200000.00	0.00	t	2026-06-03 11:05:10.746733	2026-06-03 11:05:10.746735
02dfebb8-e8a5-4cab-9ce7-6e797633fbd0	d91581d6-cd17-4f60-99a2-db0b914ba970	\N	equipment_rental	Generator	150000.00	0.00	t	2026-06-03 11:05:10.747609	2026-06-03 11:05:10.747611
f965154e-8da7-450c-8076-2d85eb57d064	d91581d6-cd17-4f60-99a2-db0b914ba970	\N	office_admin	Stationery	50000.00	0.00	t	2026-06-03 11:05:10.748541	2026-06-03 11:05:10.748542
f4aa1d04-d44a-4bd3-b2ab-6f09f96951d5	d91581d6-cd17-4f60-99a2-db0b914ba970	\N	office_admin	Furniture	100000.00	0.00	t	2026-06-03 11:05:10.749455	2026-06-03 11:05:10.749457
faea00c3-8cba-4477-b7f9-25bd742713cf	d91581d6-cd17-4f60-99a2-db0b914ba970	\N	it_software	Hardware	200000.00	0.00	t	2026-06-03 11:05:10.750363	2026-06-03 11:05:10.750365
9bcbfa8b-9895-4711-843d-0b10a1f9e7bd	d91581d6-cd17-4f60-99a2-db0b914ba970	\N	it_software	Software License	150000.00	0.00	t	2026-06-03 11:05:10.751218	2026-06-03 11:05:10.75122
d85a6c27-01b3-4cd1-887f-7a261c0a4bce	d91581d6-cd17-4f60-99a2-db0b914ba970	\N	capital_expenditure	Machinery	1000000.00	0.00	t	2026-06-03 11:05:10.752138	2026-06-03 11:05:10.75214
7c1a84c3-8d69-44cc-a657-de406c155beb	d91581d6-cd17-4f60-99a2-db0b914ba970	\N	urgent_emergency	Emergency Repairs	300000.00	0.00	t	2026-06-03 11:05:10.753028	2026-06-03 11:05:10.75303
b12b31a6-4de6-4f30-828e-087eaab6e57d	d91581d6-cd17-4f60-99a2-db0b914ba970	\N	urgent_emergency	Safety Equipment	200000.00	0.00	t	2026-06-03 11:05:10.753896	2026-06-03 11:05:10.753898
2c232889-ce2a-4716-9901-0abc503fd3de	f4a1f966-c2fd-487d-8497-79fc00df2a88	\N	material	Steel	500000.00	0.00	t	2026-06-03 11:05:10.754837	2026-06-03 11:05:10.754839
9c3cc37c-3ca7-46ad-8018-9284d5acbd02	f4a1f966-c2fd-487d-8497-79fc00df2a88	\N	material	Cement	300000.00	0.00	t	2026-06-03 11:05:10.755851	2026-06-03 11:05:10.755853
fb77a012-5f0a-4c45-9e5f-6790f79fe996	f4a1f966-c2fd-487d-8497-79fc00df2a88	\N	material	Sand	200000.00	0.00	t	2026-06-03 11:05:10.756846	2026-06-03 11:05:10.756848
6b04f733-7e52-4b86-8680-31f601dc1a88	f4a1f966-c2fd-487d-8497-79fc00df2a88	\N	material	Bricks	150000.00	0.00	t	2026-06-03 11:05:10.757737	2026-06-03 11:05:10.757739
5c7c4782-ac8f-4fee-b9ce-c0d9d931d687	f4a1f966-c2fd-487d-8497-79fc00df2a88	\N	material	Paint	100000.00	0.00	t	2026-06-03 11:05:10.758573	2026-06-03 11:05:10.758575
a564e145-bdb6-4ed7-a0fc-ea6b39d26302	f4a1f966-c2fd-487d-8497-79fc00df2a88	\N	subcontractor	Civil Work	800000.00	0.00	t	2026-06-03 11:05:10.759413	2026-06-03 11:05:10.759415
deb8ec29-e1b4-4c98-a6b2-aa3527abf968	f4a1f966-c2fd-487d-8497-79fc00df2a88	\N	subcontractor	Electrical Work	400000.00	0.00	t	2026-06-03 11:05:10.760275	2026-06-03 11:05:10.760277
e68f512e-5771-4eb8-8f6a-ba3175947dec	f4a1f966-c2fd-487d-8497-79fc00df2a88	\N	subcontractor	Plumbing	300000.00	0.00	t	2026-06-03 11:05:10.761168	2026-06-03 11:05:10.76117
5d5b0af8-3544-4b4e-ba16-a37a0fcf3658	f4a1f966-c2fd-487d-8497-79fc00df2a88	\N	equipment_rental	Crane	250000.00	0.00	t	2026-06-03 11:05:10.762048	2026-06-03 11:05:10.76205
3de44948-a3bd-478a-88af-21b60c450a76	f4a1f966-c2fd-487d-8497-79fc00df2a88	\N	equipment_rental	JCB	200000.00	0.00	t	2026-06-03 11:05:10.76294	2026-06-03 11:05:10.762941
44314a7f-e989-4290-9f25-a588051f3eb7	f4a1f966-c2fd-487d-8497-79fc00df2a88	\N	equipment_rental	Generator	150000.00	0.00	t	2026-06-03 11:05:10.763911	2026-06-03 11:05:10.763913
2d5a19e7-76f1-46d5-afc1-b48d0a8ba599	f4a1f966-c2fd-487d-8497-79fc00df2a88	\N	office_admin	Stationery	50000.00	0.00	t	2026-06-03 11:05:10.764811	2026-06-03 11:05:10.764813
af68c743-c052-48b9-a74c-ae8b70aed839	f4a1f966-c2fd-487d-8497-79fc00df2a88	\N	office_admin	Furniture	100000.00	0.00	t	2026-06-03 11:05:10.765628	2026-06-03 11:05:10.76563
2bfdb471-9f90-4666-86d3-e687831fa783	f4a1f966-c2fd-487d-8497-79fc00df2a88	\N	it_software	Hardware	200000.00	0.00	t	2026-06-03 11:05:10.766478	2026-06-03 11:05:10.76648
b8189ed4-5430-4770-ab77-cfa820b3f124	b59239f5-a676-44fb-bd10-d3593dd2c8f6	\N	material	Cement	300000.00	295000.00	t	2026-06-03 11:05:10.706464	2026-06-08 07:58:31.208148
79df85e1-4043-46c8-840d-926e6263ce40	b59239f5-a676-44fb-bd10-d3593dd2c8f6	\N	material	Sand	200000.00	14160.00	t	2026-06-03 11:05:10.707751	2026-06-10 10:59:01.595806
1ab5599d-e0fa-486b-9b9e-c551b20332bb	259be70b-e131-4a2e-b8ce-42eb9e41179c	\N	it_software	Hardware	18001.00	0.00	t	2026-06-03 11:05:10.734251	2026-06-12 06:36:01.731998
3ebb0f1a-6146-425f-a995-ccb3f14b3095	b59239f5-a676-44fb-bd10-d3593dd2c8f6	\N	subcontractor	Civil Work	800000.00	59000.00	t	2026-06-03 11:05:10.711009	2026-06-12 10:29:24.006978
8094f97e-7165-412c-8b2f-06a1b745781c	f4a1f966-c2fd-487d-8497-79fc00df2a88	\N	it_software	Software License	150000.00	0.00	t	2026-06-03 11:05:10.767353	2026-06-03 11:05:10.767354
03855d78-287a-45b8-8a9b-9f561c670faa	f4a1f966-c2fd-487d-8497-79fc00df2a88	\N	capital_expenditure	Machinery	1000000.00	0.00	t	2026-06-03 11:05:10.768369	2026-06-03 11:05:10.768371
e3fd50e7-cdbd-439c-96d2-170229d35155	f4a1f966-c2fd-487d-8497-79fc00df2a88	\N	urgent_emergency	Emergency Repairs	300000.00	0.00	t	2026-06-03 11:05:10.769194	2026-06-03 11:05:10.769196
642bde10-355e-4082-bca1-d8e0009d9877	f4a1f966-c2fd-487d-8497-79fc00df2a88	\N	urgent_emergency	Safety Equipment	200000.00	0.00	t	2026-06-03 11:05:10.769994	2026-06-03 11:05:10.769995
17392325-1659-402c-b1fd-0e34bbb88f3b	b59239f5-a676-44fb-bd10-d3593dd2c8f6	\N	material	Steel	500000.00	11800.00	t	2026-06-03 11:05:10.704111	2026-06-06 05:43:38.119042
\.


--
-- Data for Name: departments; Type: TABLE DATA; Schema: public; Owner: pouser
--

COPY public.departments (created_at, updated_at, id, name, code, is_active) FROM stdin;
2026-05-29 13:20:51.595503	2026-05-29 13:20:51.595504	ea83bb79-c253-4601-a436-843de3897e9a	Civil Engineering	CIVIL	t
2026-05-29 13:20:51.59555	2026-05-29 13:20:51.595551	44562022-a2f5-4814-b36a-6503c308ca4c	Electrical	ELEC	t
2026-05-29 13:20:51.595579	2026-05-29 13:20:51.595579	c23548ec-5a0b-4320-b9b3-3b0a52fefde1	Administration	ADMIN	t
2026-05-29 13:20:51.595605	2026-05-29 13:20:51.595606	1459faa2-d27d-4049-a9f0-0ff9c1390859	Procurement	PROC	t
\.


--
-- Data for Name: users; Type: TABLE DATA; Schema: public; Owner: pouser
--

COPY public.users (created_at, updated_at, id, email, full_name, hashed_password, role, department_id, phone, is_active, is_superuser, delegate_id, site_id) FROM stdin;
2026-06-03 11:33:48.851742	2026-06-12 06:00:10.742436	e749a81a-6f9a-4c61-8eac-f4e5ed5e137e	anumang06@gmail.com	Umang Bhatiya	$2b$12$pYlmClBwLpPdnP.4KEkIlu/7QgKlubbx.jPKoUuHkK.2aS6LVbEAa	L1_APPROVER	\N	\N	t	f	\N	f4a1f966-c2fd-487d-8497-79fc00df2a88
2026-06-01 11:27:10.375272	2026-06-03 09:46:35.121123	100c1d98-8d77-4045-874c-11f4bcaaf726	finance@peei.com	Neha Gupta	$2b$12$ot7kIIYnRPkSsojDyDa6.uUfSQQ2tIg0I9TvMZ9p2w15OxtA99gFu	FINANCE	\N	\N	f	f	\N	\N
2026-06-01 11:27:09.814405	2026-06-03 09:46:35.121127	2be3942a-301b-407b-baae-71625d202ee6	l1approver@peei.com	Amit Singh	$2b$12$zwRZYKxLoZjx6.RC7hlagewJCCDO7miDJFZAsSP0LwipypJKMzUEm	L1_APPROVER	\N	\N	f	f	\N	\N
2026-06-01 11:27:10.186299	2026-06-03 09:46:35.121128	3ec80bde-aecc-46a8-b540-5ceeab8a0373	l3approver@peei.com	Rajesh Mehta	$2b$12$muV/a81a3.O2VhV12dEDheGlY4FI2zuB73/yZWsZV30YX01M/9mQ2	L3_APPROVER	\N	\N	f	f	\N	\N
2026-06-01 11:27:10.001849	2026-06-03 09:46:35.121129	a848a773-9220-42fa-be67-f515c59e8d81	l2approver@peei.com	Sunita Patel	$2b$12$HxsGrl8Vlzz7KcZPP8k3TOE4jzjnGS0Z79oYsB1etvvC/qJ2wyjVe	L2_APPROVER	\N	\N	f	f	\N	\N
2026-06-01 11:27:09.439721	2026-06-03 09:46:35.121129	c31fec2e-b04f-4e98-bcf3-b861ad4eba12	requester1@peei.com	Ravi Kumar	$2b$12$lRjWPhZ3dJXWl0bZ1smOkuY1N8eTQrymG56Gr2UncKCLE4wSSssw6	REQUESTER	\N	\N	f	f	\N	\N
2026-06-01 11:27:09.629015	2026-06-03 09:46:35.12113	d3b71924-8158-49f1-adf4-870befc4ef13	requester2@peei.com	Priya Sharma	$2b$12$EFAqdL/GLsdHNWU/IWoaXu3uuNiD05oCbGAGiSk31eoxgQmxTWk9G	REQUESTER	\N	\N	f	f	\N	\N
2026-06-02 08:52:39.113877	2026-06-12 06:11:20.224858	a9f65202-6dec-403e-948a-a1adc859c10b	saurabhkadam1820@gmail.com	Saurabh Kadam	$2b$12$DJv4xm8Mx2JNIZdcyof4T.WJnCEHZ/H9DpM6MaUXAF7WFlVhZvgXm	L2_APPROVER	\N	\N	t	f	\N	259be70b-e131-4a2e-b8ce-42eb9e41179c
2026-06-03 11:44:18.703052	2026-06-06 05:08:19.40059	2acb822a-6456-403a-ac35-20f111b337ad	pruthvikarpe@gmail.com	Pruthviraj Karpe	$2b$12$RtZjE2IikHDwTdYeGwETZ.nPeBDF7qYn/XYakV1nqahZel3AQAK6O	L4_APPROVER	\N	\N	t	f	\N	b59239f5-a676-44fb-bd10-d3593dd2c8f6
2026-05-29 12:52:32.551164	2026-06-03 11:24:11.659938	9b1488b7-3c61-47e7-9650-fe508e500b53	admin@yourcompany.com	System Admin	$2b$12$xYUNg7qrqhcO.52mcsfQg.JuFG3Ej2MpYCVdRMbnozB3iY.fRLJmW	ADMIN	\N	\N	t	t	\N	\N
2026-06-02 08:52:39.302044	2026-06-13 09:40:49.544778	9f5f1962-d949-49b5-8c4e-7ffdcca6c0be	salunkhemayur381@gmail.com	Mayur Salunkhe	$2b$12$QXqMIM18cdxm0CQL35PH9.1Y.gn1.idIcha5mMFN4PdbEBJqIwCGu	L3_APPROVER	\N	\N	t	f	\N	259be70b-e131-4a2e-b8ce-42eb9e41179c
2026-06-02 07:57:02.353995	2026-06-19 05:24:03.391349	3918d3cf-626e-41d6-b721-df89d2ccea43	kartikkeny.1324@gmail.com	Kartik Keny	$2b$12$5eAMyEPW5sOvAospMOLWzenvkZCQ6qKlUHD/VT1QdaDR7vBGP2Q3G	REQUESTER	\N	\N	t	f	\N	b59239f5-a676-44fb-bd10-d3593dd2c8f6
2026-06-02 07:57:02.541634	2026-06-06 05:09:42.659359	e1b359c0-70dc-4479-a580-330ca153efd8	siddheshjadhav901@gmail.com	Siddhesh Jadhav	$2b$12$jI4Ydpuw61NiqzR3YltFRuOSu/5BPf7V0B6arv5PrtrTyptxWfrs2	FINANCE	\N	\N	t	f	\N	b59239f5-a676-44fb-bd10-d3593dd2c8f6
2026-06-02 07:57:02.72961	2026-06-19 06:00:31.262071	7336d329-e979-4738-865e-10b9d36b3a8f	hrishi.319@gmail.com	Hrishikesh Salunkhe	$2b$12$QScSoJzlhajgx.5I6oJ86uIW0UimjgJSQ7E68rKUrzMBJEL3RC0iy	L3_APPROVER	\N	\N	t	f	\N	b59239f5-a676-44fb-bd10-d3593dd2c8f6
2026-06-02 07:57:02.161301	2026-06-19 06:00:45.428465	455066fb-c2ee-4761-adb2-0d61bda3db98	padelkarprasann@gmail.com	Prasann Padelkar	$2b$12$4rW6fMKej19cUd/jXnRJceyGN2ybtYI5f3Pr17/6cKGdtMjVBUiwe	MD_OWNER	\N	\N	t	f	\N	\N
2026-06-06 07:08:11.261901	2026-06-06 07:08:28.832258	55ac4337-1dd4-4810-ae29-ddf6b08cf137	jadhavganpya@gmail.com	Ganpat Jadhav	$2b$12$K8UlcGkBEALKQkvOJbYcWOZj8tb4JJbG5WhMhpMmvGOb.77NI6UtO	L1_APPROVER	\N	\N	t	f	\N	b59239f5-a676-44fb-bd10-d3593dd2c8f6
2026-06-11 07:35:16.277224	2026-06-11 07:35:33.131463	8b847e18-42d6-4054-9df1-278114cf27d5	kanaujiyanisha61@gmail.com	Nisha kanaujiya	$2b$12$orBQIlqRAbu7qzG4GXYf/.IlLYa5GKVg.ob1ysULkOI7cB2Zk3yta	REQUESTER	44562022-a2f5-4814-b36a-6503c308ca4c	\N	t	f	\N	259be70b-e131-4a2e-b8ce-42eb9e41179c
\.


--
-- Data for Name: vendors; Type: TABLE DATA; Schema: public; Owner: pouser
--

COPY public.vendors (created_at, updated_at, id, name, gst_number, email, phone, address, is_active) FROM stdin;
2026-05-29 13:20:51.595104	2026-05-29 13:20:51.595108	2c516189-60f1-482d-a034-c6198d558e67	ABC Steel Traders	27AABCT1332L1Z4	abc@steel.com	9876543210	\N	t
2026-05-29 13:20:51.595203	2026-05-29 13:20:51.595204	7a7538c1-5437-4b0c-9536-9db27fa6897c	Shree Construction Supplies	27BBBCS2233M2Z5	\N	9876543211	\N	t
2026-05-29 13:20:51.595252	2026-05-29 13:20:51.595253	f69f930f-be8c-4503-b60c-cb9c64398d84	Mehta Cement Works	27CCCMW3344N3Z6	\N	9876543212	\N	t
2026-05-29 13:20:51.595289	2026-05-29 13:20:51.59529	dceb352a-8d71-4b26-a193-b325bcf2d755	Patel Hardware Store	\N	\N	9876543213	\N	t
2026-05-29 13:20:51.595323	2026-05-29 13:20:51.595324	76700e5e-c4f9-4dec-a046-3a63ae0c07e7	Om Electricals	27DDDOE4455O4Z7	\N	9876543214	\N	t
\.


--
-- Data for Name: purchase_orders; Type: TABLE DATA; Schema: public; Owner: pouser
--

COPY public.purchase_orders (created_at, updated_at, id, po_number, status, priority, requester_id, department_id, project_id, vendor_id, po_category, description, delivery_address, required_by, payment_terms, subtotal, gst_amount, total_amount, current_level, required_levels, rejection_reason, return_reason, submitted_at, approved_at, rejected_at, closed_at, site_id, sub_category, exceeds_budget, budget_category_id, penalty_clauses, delivery_terms, warranty_terms, special_conditions, budget_authorized, budget_authorized_at) FROM stdin;
2026-06-02 08:54:04.301172	2026-06-04 08:01:39.907402	1c695a69-78f7-4413-a5c9-0c001d0405f5	PO-2026-0007	REJECTED	NORMAL	a9f65202-6dec-403e-948a-a1adc859c10b	ea83bb79-c253-4601-a436-843de3897e9a	bdb320ee-3c18-452a-a9b2-86077d5accaf	7a7538c1-5437-4b0c-9536-9db27fa6897c	subcontractor	demo	demo	2026-06-04 00:00:00	15 days	130000.00	23400.00	153400.00	3	4	DEMO	\N	2026-06-02 08:54:10.803369	\N	2026-06-02 09:19:30.22079	\N	b59239f5-a676-44fb-bd10-d3593dd2c8f6	\N	f	\N	\N	\N	\N	\N	f	\N
2026-06-01 13:03:11.472299	2026-06-03 11:36:55.086045	2518a290-a014-4c04-99e2-66982140750e	PO-2026-0004	L3_APPROVED	NORMAL	d3b71924-8158-49f1-adf4-870befc4ef13	ea83bb79-c253-4601-a436-843de3897e9a	1ec8f3e1-dc63-4995-9a52-5862b7756ac0	2c516189-60f1-482d-a034-c6198d558e67	subcontractor	DEMO Description 	DEMO Address	2026-06-04 00:00:00	7 days	1650000.00	297000.00	1947000.00	3	4	\N	\N	2026-06-01 13:26:28.870841	\N	\N	\N	f4a1f966-c2fd-487d-8497-79fc00df2a88	\N	f	\N	\N	\N	\N	\N	f	\N
2026-06-01 11:57:37.039966	2026-06-03 11:36:55.086049	9170cdc5-07c1-4122-8c95-00ecb8697d9a	PO-2026-0003	APPROVED	NORMAL	c31fec2e-b04f-4e98-bcf3-b861ad4eba12	c23548ec-5a0b-4320-b9b3-3b0a52fefde1	248165fe-b4bc-48e2-8b0d-5a1c553f4ee4	dceb352a-8d71-4b26-a193-b325bcf2d755	office_admin	DEMO Description 	DEMO Address 	2026-06-04 00:00:00	7 days	70000.00	12600.00	82600.00	2	2	\N	\N	2026-06-01 11:57:43.748146	2026-06-01 12:58:44.407035	\N	\N	f4a1f966-c2fd-487d-8497-79fc00df2a88	\N	f	\N	\N	\N	\N	\N	f	\N
2026-06-02 07:10:15.471981	2026-06-03 11:36:55.086049	aeb59fc3-5ad4-4f06-a34c-d0f82df35de9	PO-2026-0005	L3_APPROVED	NORMAL	100c1d98-8d77-4045-874c-11f4bcaaf726	ea83bb79-c253-4601-a436-843de3897e9a	1ec8f3e1-dc63-4995-9a52-5862b7756ac0	7a7538c1-5437-4b0c-9536-9db27fa6897c	material	DMEO Description 	Mulund	2026-06-23 00:00:00	30 days	249100.00	38898.00	287998.00	3	4	\N	\N	2026-06-02 07:29:55.98569	\N	\N	\N	f4a1f966-c2fd-487d-8497-79fc00df2a88	\N	f	\N	\N	\N	\N	\N	f	\N
2026-06-06 05:26:09.260489	2026-06-06 05:43:38.113266	ecb2d397-01d5-4316-b013-3ead3c922bc4	PO-2026-0018	APPROVED	NORMAL	a9f65202-6dec-403e-948a-a1adc859c10b	44562022-a2f5-4814-b36a-6503c308ca4c	1ec8f3e1-dc63-4995-9a52-5862b7756ac0	7a7538c1-5437-4b0c-9536-9db27fa6897c	material	DMEO	DEMO	2026-06-10 00:00:00	30 days	10000.00	1800.00	11800.00	4	4	\N	\N	2026-06-06 05:26:15.428844	2026-06-06 05:43:38.111903	\N	\N	b59239f5-a676-44fb-bd10-d3593dd2c8f6	\N	f	17392325-1659-402c-b1fd-0e34bbb88f3b	\N	\N	\N	\N	f	\N
2026-06-02 11:22:42.399579	2026-06-06 06:28:48.677131	36ff61e2-d6ba-4b2f-aa98-f09d57ee686d	PO-2026-0011	SUBMITTED	URGENT	a9f65202-6dec-403e-948a-a1adc859c10b	ea83bb79-c253-4601-a436-843de3897e9a	1ec8f3e1-dc63-4995-9a52-5862b7756ac0	2c516189-60f1-482d-a034-c6198d558e67	equipment_rental	DEMO 	DEMO	2026-06-02 00:00:00	15 days	10000.00	1800.00	11800.00	1	6	\N	\N	2026-06-05 12:54:59.623792	\N	\N	\N	b59239f5-a676-44fb-bd10-d3593dd2c8f6	\N	f	\N	\N	\N	\N	\N	f	\N
2026-06-05 11:48:41.720625	2026-06-06 06:28:48.677132	70fad9d9-bfe6-489f-9250-485ad3876348	PO-2026-0016	DRAFT	URGENT	a9f65202-6dec-403e-948a-a1adc859c10b	ea83bb79-c253-4601-a436-843de3897e9a	1ec8f3e1-dc63-4995-9a52-5862b7756ac0	2c516189-60f1-482d-a034-c6198d558e67	subcontractor	DEMO	DEMO	2026-06-06 00:00:00	7 days	30000.00	5400.00	35400.00	0	6	\N	\N	\N	\N	\N	\N	b59239f5-a676-44fb-bd10-d3593dd2c8f6	\N	f	3ebb0f1a-6146-425f-a995-ccb3f14b3095	\N	\N	\N	\N	f	\N
2026-06-02 09:11:49.734633	2026-06-04 08:01:39.907409	d40ce25b-4f77-4ff6-9ccf-d2a468bada8c	PO-2026-0008	APPROVED	NORMAL	a9f65202-6dec-403e-948a-a1adc859c10b	44562022-a2f5-4814-b36a-6503c308ca4c	ace9ab70-fd4b-4b9c-86d7-eed9e33f00f9	2c516189-60f1-482d-a034-c6198d558e67	material	DEMO	DEMO	2026-06-18 00:00:00	15 days	40000.00	7200.00	47200.00	2	2	\N	\N	2026-06-02 09:13:00.243132	2026-06-02 09:15:38.661068	\N	\N	b59239f5-a676-44fb-bd10-d3593dd2c8f6	\N	f	\N	\N	\N	\N	\N	f	\N
2026-06-03 09:49:12.306258	2026-06-06 06:28:48.677133	812224cb-f9b6-40fd-8cd1-9bd07b6706ba	PO-2026-0013	SUBMITTED	NORMAL	a9f65202-6dec-403e-948a-a1adc859c10b	44562022-a2f5-4814-b36a-6503c308ca4c	bdb320ee-3c18-452a-a9b2-86077d5accaf	2c516189-60f1-482d-a034-c6198d558e67	equipment_rental	ABC	ABC	2026-06-11 00:00:00	7 days	200.00	36.00	236.00	1	6	\N	\N	2026-06-03 09:49:18.70463	\N	\N	\N	b59239f5-a676-44fb-bd10-d3593dd2c8f6	\N	f	\N	\N	\N	\N	\N	f	\N
2026-06-02 11:24:36.204799	2026-06-06 06:28:48.677133	85d48e75-7cb5-448b-857b-805dfa363002	PO-2026-0012	RETURNED	URGENT	a9f65202-6dec-403e-948a-a1adc859c10b	ea83bb79-c253-4601-a436-843de3897e9a	1ec8f3e1-dc63-4995-9a52-5862b7756ac0	2c516189-60f1-482d-a034-c6198d558e67	equipment_rental	DEMO 	DEMO	2026-06-02 00:00:00	15 days	100000.00	18000.00	118000.00	0	6	\N	abc	2026-06-02 11:24:57.761454	\N	\N	\N	b59239f5-a676-44fb-bd10-d3593dd2c8f6	\N	f	\N	\N	\N	\N	\N	f	\N
2026-06-02 11:03:48.654288	2026-06-06 06:28:48.677135	c7f40f6c-766c-491c-ba71-d1bd5db880a0	PO-2026-0010	SUBMITTED	URGENT	a9f65202-6dec-403e-948a-a1adc859c10b	ea83bb79-c253-4601-a436-843de3897e9a	1ec8f3e1-dc63-4995-9a52-5862b7756ac0	f69f930f-be8c-4503-b60c-cb9c64398d84	equipment_rental	demo	demo	2026-06-02 00:00:00	15 days	70000.00	12600.00	82600.00	1	6	\N	\N	2026-06-02 11:05:16.100763	\N	\N	\N	b59239f5-a676-44fb-bd10-d3593dd2c8f6	\N	f	\N	\N	\N	\N	\N	f	\N
2026-06-03 10:08:48.191421	2026-06-06 06:28:48.677135	d5e2a4e1-5e04-46ba-bb1c-f71739c68804	PO-2026-0014	SUBMITTED	NORMAL	a9f65202-6dec-403e-948a-a1adc859c10b	ea83bb79-c253-4601-a436-843de3897e9a	ace9ab70-fd4b-4b9c-86d7-eed9e33f00f9	7a7538c1-5437-4b0c-9536-9db27fa6897c	material	ABC	ABC	2026-06-18 00:00:00	7 days	10000.00	1800.00	11800.00	1	6	\N	\N	2026-06-03 10:08:51.645365	\N	\N	\N	b59239f5-a676-44fb-bd10-d3593dd2c8f6	\N	f	\N	\N	\N	\N	\N	f	\N
2026-06-03 10:11:45.037999	2026-06-06 06:28:48.677136	f7575d82-dcb6-4c09-91f5-9e40cf728161	PO-2026-0015	SUBMITTED	NORMAL	a9f65202-6dec-403e-948a-a1adc859c10b	1459faa2-d27d-4049-a9f0-0ff9c1390859	bdb320ee-3c18-452a-a9b2-86077d5accaf	7a7538c1-5437-4b0c-9536-9db27fa6897c	material	ABC	ABC	2026-06-17 00:00:00	Advance	12100.00	2178.00	14278.00	1	6	\N	\N	2026-06-03 10:11:47.933057	\N	\N	\N	b59239f5-a676-44fb-bd10-d3593dd2c8f6	\N	f	\N	\N	\N	\N	\N	f	\N
2026-06-06 05:16:35.618904	2026-06-06 06:28:48.677136	faac6ed0-7adf-4532-a7bd-cf0fb314db81	PO-2026-0017	SUBMITTED	NORMAL	a9f65202-6dec-403e-948a-a1adc859c10b	ea83bb79-c253-4601-a436-843de3897e9a	bdb320ee-3c18-452a-a9b2-86077d5accaf	7a7538c1-5437-4b0c-9536-9db27fa6897c	equipment_rental	DEMO Description	Mulund	2026-06-11 00:00:00	7 days	50000.00	9000.00	59000.00	1	6	\N	\N	2026-06-06 05:16:46.35815	\N	\N	\N	b59239f5-a676-44fb-bd10-d3593dd2c8f6	\N	f	4be24698-51e0-4bf7-95df-55799eb37e48	\N	\N	\N	\N	f	\N
2026-06-06 06:12:32.851746	2026-06-06 07:04:12.424243	89c9f7bf-b874-4116-8d6b-40dc58665cf1	PO-2026-0019	SUBMITTED	NORMAL	a9f65202-6dec-403e-948a-a1adc859c10b	ea83bb79-c253-4601-a436-843de3897e9a	bdb320ee-3c18-452a-a9b2-86077d5accaf	2c516189-60f1-482d-a034-c6198d558e67	equipment_rental	DEMO	DEMO	2026-06-17 00:00:00	7 days	10000.00	1800.00	11800.00	1	6	\N	\N	2026-06-06 07:04:12.42198	\N	\N	\N	b59239f5-a676-44fb-bd10-d3593dd2c8f6	\N	f	4be24698-51e0-4bf7-95df-55799eb37e48	\N	\N	\N	\N	f	\N
2026-06-02 09:26:27.430505	2026-06-06 06:28:48.677128	21d52e54-d195-4619-ad5a-353382516819	PO-2026-0009	SUBMITTED	NORMAL	a9f65202-6dec-403e-948a-a1adc859c10b	ea83bb79-c253-4601-a436-843de3897e9a	1ec8f3e1-dc63-4995-9a52-5862b7756ac0	2c516189-60f1-482d-a034-c6198d558e67	material	DEMO	DEMO	2026-06-24 00:00:00	45 days	24000.00	4320.00	28320.00	1	6	\N	\N	2026-06-02 09:26:32.150601	\N	\N	\N	b59239f5-a676-44fb-bd10-d3593dd2c8f6	\N	f	\N	\N	\N	\N	\N	f	\N
2026-06-01 11:18:12.739192	2026-06-06 06:13:59.271709	0d2f112c-a70f-46ea-a625-5192ce771789	PO-2026-0001	DRAFT	URGENT	9b1488b7-3c61-47e7-9650-fe508e500b53	ea83bb79-c253-4601-a436-843de3897e9a	1ec8f3e1-dc63-4995-9a52-5862b7756ac0	2c516189-60f1-482d-a034-c6198d558e67	material	DEMO Description	DEMO  Address	2026-06-01 00:00:00	30 days	72000.00	8500.00	80500.00	0	2	\N	\N	\N	\N	\N	\N	f4a1f966-c2fd-487d-8497-79fc00df2a88	\N	f	\N	\N	\N	\N	\N	f	\N
2026-06-01 11:32:37.875797	2026-06-06 06:13:59.271712	32a85996-0d26-4b45-b0d7-c7daa904f90a	PO-2026-0002	SUBMITTED	URGENT	c31fec2e-b04f-4e98-bcf3-b861ad4eba12	44562022-a2f5-4814-b36a-6503c308ca4c	bdb320ee-3c18-452a-a9b2-86077d5accaf	76700e5e-c4f9-4dec-a046-3a63ae0c07e7	it_software	DEMO electronics 	DEMO Mulund 	2026-06-01 00:00:00	30 days	9000.00	1620.00	10620.00	1	2	\N	\N	2026-06-01 11:57:57.443992	\N	\N	\N	f4a1f966-c2fd-487d-8497-79fc00df2a88	\N	f	\N	\N	\N	\N	\N	f	\N
2026-06-06 07:09:43.893825	2026-06-06 07:09:43.893829	c5a121ae-9f51-4b42-b7e3-c17945d8df35	PO-2026-0020	DRAFT	NORMAL	a9f65202-6dec-403e-948a-a1adc859c10b	c23548ec-5a0b-4320-b9b3-3b0a52fefde1	1ec8f3e1-dc63-4995-9a52-5862b7756ac0	2c516189-60f1-482d-a034-c6198d558e67	material	DEMO	DEMO	2026-06-10 00:00:00	7 days	10000.00	1800.00	11800.00	0	4	\N	\N	\N	\N	\N	\N	b59239f5-a676-44fb-bd10-d3593dd2c8f6	\N	f	b8189ed4-5430-4770-ab77-cfa820b3f124	\N	\N	\N	\N	f	\N
2026-06-06 07:16:03.036203	2026-06-06 07:43:19.098892	8e8f0c1a-072d-498d-959c-c021c2ad3c33	PO-2026-0021	RETURNED	NORMAL	a9f65202-6dec-403e-948a-a1adc859c10b	c23548ec-5a0b-4320-b9b3-3b0a52fefde1	\N	7a7538c1-5437-4b0c-9536-9db27fa6897c	office_admin	DEMO	DEMO	2026-06-11 00:00:00	7 days	15000.00	2700.00	17700.00	0	6	\N	DEMO	2026-06-06 07:16:07.824043	\N	\N	\N	b59239f5-a676-44fb-bd10-d3593dd2c8f6	\N	f	dc2815f9-1594-4d69-8ef7-c028e5b10c8e	\N	\N	\N	\N	f	\N
2026-06-08 07:08:48.819488	2026-06-08 07:11:26.378067	544c4a18-05ae-45c3-93e9-ec81506a5d0b	PO-2026-0023	L4_APPROVED	NORMAL	a9f65202-6dec-403e-948a-a1adc859c10b	c23548ec-5a0b-4320-b9b3-3b0a52fefde1	\N	2c516189-60f1-482d-a034-c6198d558e67	equipment_rental	DEMO	DEMO	2026-06-09 00:00:00	15 days	24000.00	4320.00	28320.00	4	6	\N	\N	2026-06-08 07:08:52.281014	\N	\N	\N	b59239f5-a676-44fb-bd10-d3593dd2c8f6	\N	f	4be24698-51e0-4bf7-95df-55799eb37e48	\N	\N	\N	\N	f	\N
2026-06-08 07:19:00.504144	2026-06-08 07:58:31.191407	fe6f165a-6182-407e-bf5f-c9d87e9a974a	PO-2026-0024	APPROVED	NORMAL	a9f65202-6dec-403e-948a-a1adc859c10b	ea83bb79-c253-4601-a436-843de3897e9a	1ec8f3e1-dc63-4995-9a52-5862b7756ac0	dceb352a-8d71-4b26-a193-b325bcf2d755	material	DEMO	DEMO	2026-06-19 00:00:00	15 days	250000.00	45000.00	295000.00	6	6	\N	\N	2026-06-08 07:19:04.621551	2026-06-08 07:58:31.187259	\N	\N	b59239f5-a676-44fb-bd10-d3593dd2c8f6	\N	f	b8189ed4-5430-4770-ab77-cfa820b3f124	\N	\N	\N	\N	f	\N
2026-06-08 11:03:12.398209	2026-06-08 11:03:12.398215	c60b5e39-f94f-4572-9c27-af4f4875bf5f	PO-2026-0025	DRAFT	URGENT	7336d329-e979-4738-865e-10b9d36b3a8f	ea83bb79-c253-4601-a436-843de3897e9a	1ec8f3e1-dc63-4995-9a52-5862b7756ac0	2c516189-60f1-482d-a034-c6198d558e67	subcontractor	demo	demo	2026-06-09 00:00:00	Advance	20000.00	3600.00	23600.00	0	6	\N	\N	\N	\N	\N	\N	b59239f5-a676-44fb-bd10-d3593dd2c8f6	\N	f	3ebb0f1a-6146-425f-a995-ccb3f14b3095	\N	\N	\N	\N	f	\N
2026-06-08 11:25:43.936817	2026-06-08 11:25:43.936821	262d6209-f596-4fd5-816a-9ef4b3c17181	PO-2026-0026	DRAFT	URGENT	7336d329-e979-4738-865e-10b9d36b3a8f	ea83bb79-c253-4601-a436-843de3897e9a	1ec8f3e1-dc63-4995-9a52-5862b7756ac0	2c516189-60f1-482d-a034-c6198d558e67	equipment_rental	demo	demo	2026-06-09 00:00:00	Advance	20000.00	3600.00	23600.00	0	6	\N	\N	\N	\N	\N	\N	b59239f5-a676-44fb-bd10-d3593dd2c8f6	\N	f	4be24698-51e0-4bf7-95df-55799eb37e48	\N	\N	\N	\N	f	\N
2026-06-08 11:27:14.660277	2026-06-08 11:27:14.660281	03064e27-4e86-4b66-b479-22813213f2e3	PO-2026-0027	DRAFT	URGENT	7336d329-e979-4738-865e-10b9d36b3a8f	ea83bb79-c253-4601-a436-843de3897e9a	1ec8f3e1-dc63-4995-9a52-5862b7756ac0	2c516189-60f1-482d-a034-c6198d558e67	subcontractor	demo	demo	2026-06-09 00:00:00	7 days	30000.00	5400.00	35400.00	0	6	\N	\N	\N	\N	\N	\N	b59239f5-a676-44fb-bd10-d3593dd2c8f6	\N	f	3ebb0f1a-6146-425f-a995-ccb3f14b3095	\N	\N	\N	\N	f	\N
2026-06-08 11:32:04.501115	2026-06-08 11:32:04.501118	ca8125c7-0a99-44b7-b6cc-862df7009809	PO-2026-0028	DRAFT	URGENT	7336d329-e979-4738-865e-10b9d36b3a8f	ea83bb79-c253-4601-a436-843de3897e9a	1ec8f3e1-dc63-4995-9a52-5862b7756ac0	2c516189-60f1-482d-a034-c6198d558e67	subcontractor	demo	demo	2026-06-09 00:00:00	7 days	10000.00	1800.00	11800.00	0	6	\N	\N	\N	\N	\N	\N	b59239f5-a676-44fb-bd10-d3593dd2c8f6	\N	f	3ebb0f1a-6146-425f-a995-ccb3f14b3095	\N	\N	\N	\N	f	\N
2026-06-08 11:47:08.480732	2026-06-08 11:47:08.480739	27a80d02-f9a8-452b-bee4-6281e4f5d81c	PO-2026-0029	DRAFT	URGENT	a9f65202-6dec-403e-948a-a1adc859c10b	ea83bb79-c253-4601-a436-843de3897e9a	1ec8f3e1-dc63-4995-9a52-5862b7756ac0	2c516189-60f1-482d-a034-c6198d558e67	equipment_rental	demo	demo	2026-06-09 00:00:00	7 days	30000.00	5400.00	35400.00	0	6	\N	\N	\N	\N	\N	\N	b59239f5-a676-44fb-bd10-d3593dd2c8f6	\N	f	4be24698-51e0-4bf7-95df-55799eb37e48	\N	\N	\N	\N	f	\N
2026-06-02 08:01:11.04164	2026-06-10 05:25:42.272774	793fc6ce-7968-4589-ac92-b0d767d167fb	PO-2026-0006	L1_APPROVED	NORMAL	c31fec2e-b04f-4e98-bcf3-b861ad4eba12	44562022-a2f5-4814-b36a-6503c308ca4c	248165fe-b4bc-48e2-8b0d-5a1c553f4ee4	dceb352a-8d71-4b26-a193-b325bcf2d755	material	DEMO  Description	DEMO Address	2026-06-10 00:00:00	7 days	560650.00	100917.00	661567.00	1	2	\N	\N	2026-06-02 08:01:20.021908	\N	\N	\N	f4a1f966-c2fd-487d-8497-79fc00df2a88	\N	f	\N	\N	\N	\N	\N	f	\N
2026-06-10 06:33:03.196162	2026-06-10 06:33:03.196167	b193388b-e67e-4d9a-9c95-be90c5ddd8f4	PO-2026-0030	DRAFT	URGENT	9b1488b7-3c61-47e7-9650-fe508e500b53	44562022-a2f5-4814-b36a-6503c308ca4c	1ec8f3e1-dc63-4995-9a52-5862b7756ac0	2c516189-60f1-482d-a034-c6198d558e67	subcontractor	DENO	DEMO	2026-06-11 00:00:00	15 days	200000.00	36000.00	236000.00	0	4	\N	\N	\N	\N	\N	\N	\N	\N	f	\N	\N	\N	\N	\N	f	\N
2026-06-10 06:40:43.698481	2026-06-10 06:40:43.698486	edd651fb-abf5-4835-b9fe-ae181289198b	PO-2026-0031	DRAFT	URGENT	a9f65202-6dec-403e-948a-a1adc859c10b	ea83bb79-c253-4601-a436-843de3897e9a	1ec8f3e1-dc63-4995-9a52-5862b7756ac0	2c516189-60f1-482d-a034-c6198d558e67	subcontractor	demo	demo	2026-06-10 00:00:00	7 days	100000.00	18000.00	118000.00	0	6	\N	\N	\N	\N	\N	\N	b59239f5-a676-44fb-bd10-d3593dd2c8f6	\N	f	3ebb0f1a-6146-425f-a995-ccb3f14b3095	\N	\N	\N	\N	f	\N
2026-06-10 06:54:27.099644	2026-06-10 07:08:27.626905	9c1fdded-bbdd-4dbd-8fa3-823eadc7adcf	PO-2026-0032	DRAFT	NORMAL	a9f65202-6dec-403e-948a-a1adc859c10b	\N	1ec8f3e1-dc63-4995-9a52-5862b7756ac0	2c516189-60f1-482d-a034-c6198d558e67	material	DEMO	DEMO	2026-06-10 00:00:00	15 days	100000.00	18000.00	118000.00	0	4	\N	\N	\N	\N	\N	\N	b59239f5-a676-44fb-bd10-d3593dd2c8f6	\N	f	79df85e1-4043-46c8-840d-926e6263ce40	\N	\N	\N	\N	f	\N
2026-06-10 10:16:00.882222	2026-06-10 10:16:00.882227	b0fd9007-b0d3-4c64-8496-fa9bc665ec3c	PO-2026-0033	DRAFT	URGENT	a9f65202-6dec-403e-948a-a1adc859c10b	44562022-a2f5-4814-b36a-6503c308ca4c	1ec8f3e1-dc63-4995-9a52-5862b7756ac0	2c516189-60f1-482d-a034-c6198d558e67	material	Mediation:\r\n\r\nPrior to the intimation of any legal proceedings, the parties agree to submit all claims, disputes or \r\ncontroversies arising out of or in relation to the interpretation application or enforcement of this \r\nAgreement to non-binding mediation. Mediation shall be conducted under the auspices of the Indian \r\nLaw or such other mediation service or mediator as the parties agree upon. The party seeking to \r\ninitiate mediation shall do so by submitting a formal, written request to the other Party to this \r\nAgreement. This Article shall survive the Completion or termination of this Agreement, but under no \r\ncircumstances shall either Party call for mediation of any claim or dispute arising out of this \r\nAgreement after such period of time as would bar the initiation of legal proceedings to litigate such a \r\nclaim or dispute under the laws of the India.	Mulund	2026-06-18 00:00:00	30 days	12000.00	2160.00	14160.00	0	6	\N	\N	\N	\N	\N	\N	b59239f5-a676-44fb-bd10-d3593dd2c8f6	\N	f	79df85e1-4043-46c8-840d-926e6263ce40	1.  The Project, i.e. Design, Engineering, Construction and Commissioning of Sewage Treatment Plants and \r\nIntermediate Sewage Pumping Stations with Operation & Maintenance thereof for Seven Years \r\n[Works - A] and Procurement and Construction of Main Sewers including Manholes in Dasarahalli and \r\nR R Nagar Zones (V Valley Catchment) [Works – B]  (Contract Package – BWSSP (III) /JICA/CP-27) have \r\nbeen awarded to  JV (KBR-AIPPL-JV) KBR Infratech Limited and Ayyappa Infra Projects Pvt Ltd. KBR is the \r\nJV (KBR-AIPPL-JV) lead partner and has given the Supply contract of equipment dated 21st of November \r\n2022 to PEEIPL.\r\n\r\n2.  The Supply chain partner, Passavant Energy & Environment India Pvt. Ltd. (PEEIPL), has entered into the \r\ncontract with M/s KBR Infratech Limited for Supply of Mechanical items pertaining to the project i.e. \r\nDesign, Engineering, Construction and Commissioning of Sewage Treatment Plants and Intermediate \r\nSewage Pumping Stations with Operation & Maintenance thereof for Seven Years [Works - A] and \r\nProcurement and Construction of Main Sewers including Manholes in Dasarahalli and R R Nagar Zones \r\n(V Valley Catchment) [Works – B]  (Contract Package – BWSSP (III) /JICA/CP-27) .\r\n\r\n3.  The Contractor is willing to engage the Supplier in the terms and conditions set forth in this contract.\r\n\r\n4.  The Supplier has submitted his proposal to Design, Supply, Supervision for Installation, Testing and \r\nCommissioning of WPIL Make MLR Pump with VFD compatible Motor, PMU, Lifting Chain, Cannister \r\nring and other associated accessories & necessary Engineering documents complete in all respects as per \r\ntechnical specification of tender and warrantee, all in accordance with the Contractor's documents and \r\nto the full satisfaction and approval of the Client/ Consultant/Contractor. 	ARTICLE 20 – LIQUIDATED DAMAGES: \r\n\r\nIf the supplier fails to successfully execute, deliver and complete the supply within stipulated time as \r\nmentioned in the order, the seller shall be liable to pay to buyer/contractor Liquidated damages, a sum \r\nequivalent to 0.5% (point five percent) of the order value for each week of delay or any part thereof. \r\nHowever, total amount of liquidated damage for delay in completion of contract shall be subject to a \r\nmaximum of 10% of order price. 	Supplier warrants for a period of 24 months after the commissioning or 30 months from the date of invoice \r\nwhichever is earlier, of that Equipment other than consumables, will be free from defects in material and \r\nworkmanship. It is the supplier’s sole obligation under this warranty to repair or replace the defective parts at \r\nno charge to PEEIPL. All replaced parts shall become the property of PEEIPL, however may require return to \r\nthe manufacturer for inspection and warranty assessment. Supplier represents and warrants that the \r\nequipment meets the requirements and will function properly.	ARTICLE 6 – PRICE:  \r\n\r\nThe total cost for the supply, preparation of engineering documents, supervision for installation & \r\ncommissioning and warranty of the purchased items shall be at INR 65,79,060.00 (Indian Rupees Sixty Five \r\nLakhs Seventy Nine Thousand and Sixty Only) including packaging & forwarding, transit insurance and \r\ntransportation till site. \r\nThe above accepted price is exclusive of GST and shall be paid extra as applicable. \r\nAll payments made under this agreement shall be subject to reduction to reflect taxes or other charges \r\nrequired to be withheld by law.   	f	\N
2026-06-12 06:09:23.786009	2026-06-12 06:10:11.034081	f82aedc9-f60e-483f-a3c1-75e6be82d4c5	PO-2026-0036	L1_APPROVED	URGENT	8b847e18-42d6-4054-9df1-278114cf27d5	c23548ec-5a0b-4320-b9b3-3b0a52fefde1	1ec8f3e1-dc63-4995-9a52-5862b7756ac0	7a7538c1-5437-4b0c-9536-9db27fa6897c	office_admin	ARTICLE 2 – BASIS OF DESIGN AND TECHNICAL REQUIREMENT\r\n\r\nSBR System Design\r\n\r\nThe SBR System shall be designed, including all related accessories, for biological treatment of wastewater with Raw water characteristics as shown in the table below. The Decanter shall decant clarified water as per the treated effluent quality characteristics table shown below. SFC shall assume suitable concentration for components in a biologically treated wastewater that is not given in the table below for designing the SBR system. SFC shall considered alum precipitates (for phosphorous precipitation) in the SBR tank while designing the system.\r\n	Mulund	2026-06-13 00:00:00	7 days	30000.00	5400.00	35400.00	1	2	\N	\N	2026-06-12 06:09:33.07371	\N	\N	\N	259be70b-e131-4a2e-b8ce-42eb9e41179c	\N	f	41d4e1d5-2248-4b33-b8eb-035b25433919	\N	3.\tThe Supplier has submitted his proposal to Design, Engineering, Manufacturing and Supply SBR components as per Annexure-I for 17 MLD STP at Bilishivalli, 7 MLD STP at Doddabettahalli, 7 MLD STP at Jakkur and 6 MLD STP at Yelahankakere including supervision of Installation, Testing and commissioning as per tender requirement, technical specification and warranty, all in accordance with the Contractor's documents requirement to the full satisfaction and provide all necessary support to get client/consultant approval.\r\n\r\n	ARTICLE 14 – PROCESS GUARANTEE\r\n\r\nSFC shall guarantee the following outlet parameters (as per Article 2- Basis of Design and Technical Requirement) at the outlet of SBR System during the 7 years O&M from testing and commissioning of plant as per provided parameters subject to plant Operation is done as per the O&M Manual.\r\n\r\nSFC shall guarantee the Power Consumption for its SBR System components at the time of trial run and commissioning of each STP pursuant to the maximum design values at the inlet of SBR.\r\n\r\nSFC shall perform as per their final offer and as per tender requirements.\r\n\r\nDamages during Test on Completion for a given STP, Damages shall not exceed 2% of that\r\nSTP’s PEEIPL and BWSSB Contract Price. However, if more than one STP fails the Tests on Completion, then the 2% Damages limit shall apply separately to each STP. Further, all remedies other than damages, including but not limited to construction of additional facilities, additional equipment and repair and/or replacement of the installed equipment shall continue to be fully available to the Employer, and the Employer may choose to invoke any or all of them at any time in accordance with the terms of the Contract.\r\n	The contractor/buyer, Passavant Energy & Environment India Pvt. Ltd. (PEEIPL), desiring that certain works pertaining to the construction of the project “Sewerage Facilities to 110 Villages: Design, Engineering, Construction and Commissioning of Sewage Treatment Plants and Intermediate Sewage Pumping Stations with Operation & Maintenance thereof for Seven Years [Works - A] and and Procurement and Construction of Main Sewers including Manholes in Bytrayanapura (Hebbal Valley Catchment) [Works – B] (Contract Package – BWSSP (III) /JICA/CP-25) of “Bangalore Water Supply and Sewerage Board (BWSSB)” (Client), be completed and maintained has entered into a contract (the “Contract Package CP 25”) for the construction of the Project with the Client. STP Locations and Capacities are as follows:\r\n\r\n1.\t17 MLD STP at Bilishivalli\r\n2.\t07 MLD STP at Doddabettahalli\r\n3.\t07 MLD STP at Jakkur\r\n4.\t06 MLD STP at Yelahankakere\r\n	f	\N
2026-06-08 06:19:04.120546	2026-06-12 10:29:23.997011	4e40e54e-7a4b-4282-8cc3-423526a7967c	PO-2026-0022	APPROVED	NORMAL	a9f65202-6dec-403e-948a-a1adc859c10b	ea83bb79-c253-4601-a436-843de3897e9a	bdb320ee-3c18-452a-a9b2-86077d5accaf	2c516189-60f1-482d-a034-c6198d558e67	subcontractor	DEMO	DEMO	2026-06-11 00:00:00	7 days	50000.00	9000.00	59000.00	7	6	\N	\N	2026-06-08 06:19:17.711633	2026-06-12 10:29:23.995111	\N	\N	b59239f5-a676-44fb-bd10-d3593dd2c8f6	\N	f	3ebb0f1a-6146-425f-a995-ccb3f14b3095	\N	\N	\N	\N	f	\N
2026-06-10 10:18:34.858851	2026-06-10 10:59:01.590417	3503fc43-c0ee-4215-9530-21c0efadc9cd	PO-2026-0034	APPROVED	URGENT	a9f65202-6dec-403e-948a-a1adc859c10b	44562022-a2f5-4814-b36a-6503c308ca4c	1ec8f3e1-dc63-4995-9a52-5862b7756ac0	2c516189-60f1-482d-a034-c6198d558e67	material	Mediation:\r\n\r\nPrior to the intimation of any legal proceedings, the parties agree to submit all claims, disputes or \r\ncontroversies arising out of or in relation to the interpretation application or enforcement of this \r\nAgreement to non-binding mediation. Mediation shall be conducted under the auspices of the Indian \r\nLaw or such other mediation service or mediator as the parties agree upon. The party seeking to \r\ninitiate mediation shall do so by submitting a formal, written request to the other Party to this \r\nAgreement. This Article shall survive the Completion or termination of this Agreement, but under no \r\ncircumstances shall either Party call for mediation of any claim or dispute arising out of this \r\nAgreement after such period of time as would bar the initiation of legal proceedings to litigate such a \r\nclaim or dispute under the laws of the India.	Mulund	2026-06-18 00:00:00	30 days	12000.00	2160.00	14160.00	6	6	\N	\N	2026-06-10 10:48:38.469115	2026-06-10 10:59:01.58871	\N	\N	b59239f5-a676-44fb-bd10-d3593dd2c8f6	\N	f	79df85e1-4043-46c8-840d-926e6263ce40	1.  The Project, i.e. Design, Engineering, Construction and Commissioning of Sewage Treatment Plants and \r\nIntermediate Sewage Pumping Stations with Operation & Maintenance thereof for Seven Years \r\n[Works - A] and Procurement and Construction of Main Sewers including Manholes in Dasarahalli and \r\nR R Nagar Zones (V Valley Catchment) [Works – B]  (Contract Package – BWSSP (III) /JICA/CP-27) have \r\nbeen awarded to  JV (KBR-AIPPL-JV) KBR Infratech Limited and Ayyappa Infra Projects Pvt Ltd. KBR is the \r\nJV (KBR-AIPPL-JV) lead partner and has given the Supply contract of equipment dated 21st of November \r\n2022 to PEEIPL.\r\n\r\n2.  The Supply chain partner, Passavant Energy & Environment India Pvt. Ltd. (PEEIPL), has entered into the \r\ncontract with M/s KBR Infratech Limited for Supply of Mechanical items pertaining to the project i.e. \r\nDesign, Engineering, Construction and Commissioning of Sewage Treatment Plants and Intermediate \r\nSewage Pumping Stations with Operation & Maintenance thereof for Seven Years [Works - A] and \r\nProcurement and Construction of Main Sewers including Manholes in Dasarahalli and R R Nagar Zones \r\n(V Valley Catchment) [Works – B]  (Contract Package – BWSSP (III) /JICA/CP-27) .\r\n\r\n3.  The Contractor is willing to engage the Supplier in the terms and conditions set forth in this contract.\r\n\r\n4.  The Supplier has submitted his proposal to Design, Supply, Supervision for Installation, Testing and \r\nCommissioning of WPIL Make MLR Pump with VFD compatible Motor, PMU, Lifting Chain, Cannister \r\nring and other associated accessories & necessary Engineering documents complete in all respects as per \r\ntechnical specification of tender and warrantee, all in accordance with the Contractor's documents and \r\nto the full satisfaction and approval of the Client/ Consultant/Contractor. 	ARTICLE 20 – LIQUIDATED DAMAGES: \r\n\r\nIf the supplier fails to successfully execute, deliver and complete the supply within stipulated time as \r\nmentioned in the order, the seller shall be liable to pay to buyer/contractor Liquidated damages, a sum \r\nequivalent to 0.5% (point five percent) of the order value for each week of delay or any part thereof. \r\nHowever, total amount of liquidated damage for delay in completion of contract shall be subject to a \r\nmaximum of 10% of order price. 	Supplier warrants for a period of 24 months after the commissioning or 30 months from the date of invoice \r\nwhichever is earlier, of that Equipment other than consumables, will be free from defects in material and \r\nworkmanship. It is the supplier’s sole obligation under this warranty to repair or replace the defective parts at \r\nno charge to PEEIPL. All replaced parts shall become the property of PEEIPL, however may require return to \r\nthe manufacturer for inspection and warranty assessment. Supplier represents and warrants that the \r\nequipment meets the requirements and will function properly.	ARTICLE 6 – PRICE:  \r\n\r\nThe total cost for the supply, preparation of engineering documents, supervision for installation & \r\ncommissioning and warranty of the purchased items shall be at INR 65,79,060.00 (Indian Rupees Sixty Five \r\nLakhs Seventy Nine Thousand and Sixty Only) including packaging & forwarding, transit insurance and \r\ntransportation till site. \r\nThe above accepted price is exclusive of GST and shall be paid extra as applicable. \r\nAll payments made under this agreement shall be subject to reduction to reflect taxes or other charges \r\nrequired to be withheld by law.   	f	\N
2026-06-11 07:41:45.080041	2026-06-11 10:36:46.699228	18ac0ea1-9ba7-4fe6-9d79-016186e2cf9d	PO-2026-0035	SUBMITTED	NORMAL	8b847e18-42d6-4054-9df1-278114cf27d5	\N	1ec8f3e1-dc63-4995-9a52-5862b7756ac0	2c516189-60f1-482d-a034-c6198d558e67	office_admin	The buyer is entitled to recover all reasonable costs and damage incurred by the Buyer / Client as a result of the Seller's delay, vide outstanding payments due to the Seller, liquidation of the Seller's Performance Guarantee or any other means at the buyer's disposal.	Mulund	2026-06-23 00:00:00	15 days	24000.00	4320.00	28320.00	1	3	\N	\N	2026-06-11 10:36:46.697598	\N	\N	\N	259be70b-e131-4a2e-b8ce-42eb9e41179c	\N	f	41d4e1d5-2248-4b33-b8eb-035b25433919	1.\tThe Supplier/Seller/vendor, SFC Environmental Technologies Pvt Ltd (SFC), having PAN India experience, and having executed a number of projects of this magnitude, desires to Complete Design, Engineering, Manufacturing, Supply, Supervision for Installation, Testing & Commissioning including support during 07 years of Operation & maintenance of SBR System components as per Annexure-I and tender requirement, Contractor’s scope of work and responsibilities as per requirement of the Contract Package CP 25. However, PEE assures that there shall not be any unreasonable requests related to plant performance.	3.\tThe Supplier has submitted his proposal to Design, Engineering, Manufacturing and Supply SBR components as per Annexure-I for 17 MLD STP at Bilishivalli, 7 MLD STP at Doddabettahalli, 7 MLD STP at Jakkur and 6 MLD STP at Yelahankakere including supervision of Installation, Testing and commissioning as per tender requirement, technical specification and warranty, all in accordance with the Contractor's documents requirement to the full satisfaction and provide all necessary support to get client/consultant approval.\r\n\r\n	A.\tNo sub suppliers/sub-contractors shall be engaged without the prior approval of PEEIPL unless it is as per approved vendor list (Tender Specification). SFC shall be responsible to BUYER for the acts and omissions of its subcontractor’s suppliers and other individuals or entities performing of furnishing any of the Work under a direct or indirect contract with SFC. Nothing in the contract document shall create for the benefit of any such Subcontractor, Supplier or other individual or entity any contractual relationship between BUYER and any such Subcontractor, Supplier or other individual or entity, nor shall it create any obligation on the part of BUYER to pay or to see the payment of any moneys due such Subcontractor, Supplier or other individual or entity except as may otherwise be required by laws and regulations.	In case of delivery of equipment or material or part thereof is delayed beyond a supply delivery schedule or revised delivery schedule mutually accepted for reasons due to seller’s default and seller fails to take remedial measure in mutually accepted time line then the seller will be liable for the one of the following actions	f	\N
2026-06-12 06:39:13.512479	2026-06-12 09:41:03.93032	5d63f592-7c98-483f-992c-447ef5bad0de	PO-2026-0037	L2_APPROVED	NORMAL	8b847e18-42d6-4054-9df1-278114cf27d5	c23548ec-5a0b-4320-b9b3-3b0a52fefde1	bdb320ee-3c18-452a-a9b2-86077d5accaf	f69f930f-be8c-4503-b60c-cb9c64398d84	it_software	The total cost for the Complete Design, Engineering, Manufacturing, Supply, Supervision for Installation, Testing & Commissioning Including 07 years of Operation & maintenance of SBR System components as per Annexure-I for 4 Nos of STPs and warranty of the purchased items as specified in this LOI shall be INR 9,42,00,000.00 (Indian Rupees Nine Crore Forty Two Lakhs only) for SBR Components-Equipments and Instruments and INR 2,80,00,000.00) for SBR PLC with panel including custom duty, port clearance charges (Mumbai Port), transit insurance and transportation to site.	Mulund	2026-06-22 00:00:00	30 days	300000.00	54000.00	354000.00	2	3	\N	\N	2026-06-12 06:39:15.680589	\N	\N	\N	259be70b-e131-4a2e-b8ce-42eb9e41179c	\N	t	88544b18-364e-454f-b0df-09d4290125f0	The contractor/buyer, Passavant Energy & Environment India Pvt. Ltd. (PEEIPL), desiring that certain works pertaining to the construction of the project “Sewerage Facilities to 110 Villages: Design, Engineering, Construction and Commissioning of Sewage Treatment Plants and Intermediate Sewage Pumping Stations with Operation & Maintenance thereof for Seven Years [Works - A] and and Procurement and Construction of Main Sewers including Manholes in Bytrayanapura (Hebbal Valley Catchment) [Works – B] (Contract Package – BWSSP (III) /JICA/CP-25) of “Bangalore Water Supply and Sewerage Board (BWSSB)” (Client), be completed and maintained has entered into a contract (the “Contract Package CP 25”) for the construction of the Project with the Client. STP Locations and Capacities are as follows:	3.\tThe Supplier has submitted his proposal to Design, Engineering, Manufacturing and Supply SBR components as per Annexure-I for 17 MLD STP at Bilishivalli, 7 MLD STP at Doddabettahalli, 7 MLD STP at Jakkur and 6 MLD STP at Yelahankakere including supervision of Installation, Testing and commissioning as per tender requirement, technical specification and warranty, all in accordance with the Contractor's documents requirement to the full satisfaction and provide all necessary support to get client/consultant approval.\r\n\r\n	ARTICLE 1 – SCOPE OF WORK \r\n\r\nM/s SFC Environmental Technologies Pvt Ltd (SFC) will provide Complete Design, Engineering, Manufacturing and Supply SBR components as per Annexure-I for 17 MLD STP at Bilishivalli, 7 MLD STP at Doddabettahalli, 7 MLD STP at Jakkur and 6 MLD STP at Yelahankakere including supervision of Installation, Testing and commissioning as per tender specifications to meet the outlet parameter as per the Tender Requirements.\r\nSFC’s scope of supply for this project consists of the following major components:\r\nNo.\tDescription\tPlant Location\tSpecification\tQty.\r\n1\tDecanter Assembly with Core Parts including Actuator, Motor with Gear Box, Variable Frequency Drive, Capacitive type Level switch, Magnetic Limit Switch etc. complete\t17 MLD STP at Bilishivalli\r\n\t•\tMoving Weir Type, SS 316L\t4 Sets\r\n2\tDecanter Assembly with Core Parts including Actuator, Motor with Gear Box, Variable Frequency Drive, Capacitive type Level switch, Magnetic Limit Switch etc. complete\t7 MLD STP at Doddabettahalli\r\n\t•\tMoving Weir Type, SS 316L\t4 Sets\r\n3\tDecanter Assembly with Core Parts including Actuator, Motor with Gear Box, Variable Frequency Drive, Capacitive type Level switch, Magnetic Limit Switch etc. complete\t7 MLD STP at Jakkur\r\n\t•\tMoving Weir Type, SS 316L\t4 Sets\r\n4\tDecanter Assembly with Core Parts including Actuator, Motor with Gear Box, Variable Frequency Drive, Capacitive type Level switch, Magnetic Limit Switch etc. complete\t6 MLD STP at Yelahankakere\r\n\t•\tMoving Weir Type, SS 316L\t4 Sets\r\n5\tDiffusers\t•\t17 MLD STP at Bilishivalli\r\n•\t07 MLD STP at Doddabettahalli\r\n•\t07 MLD STP at Jakkur\r\n•\t06 MLD STP at Yelahankakere\r\n\t•\tAs per requirement\t4 sets (1 for each STP)\r\n6\tPLC & SCADA for SBR System\t•\t17 MLD STP at Bilishivalli\r\n•\t07 MLD STP at Doddabettahalli\r\n•\t07 MLD STP at Jakkur\r\n•\t06 MLD STP at Yelahankakere\r\n\tAs per Requirement\t4 sets (1 for each STP)\r\n6\tDesign Package\t\t•\tP&ID diagram for Seller’s Major Components. \r\n•\tComplete SBR design package including, pumps, blowers, tanks, decanters and all SBR related items.\r\n•\tHydraulic calculations for SBR System\r\n•\tProcess Flow Diagram\r\n•\tControl Philosophy\r\n•\tSimulation Model of process design by using Biowin software.\r\n•\tPlot plan showing 2-D overhead view of equipment layout position, hydraulic and power Connections.\r\n•\tCivil GA of SBR Tank in all aspect.\r\n•\tAnchoring instruction/  foundation details of the SBR system.\r\n•\tEquipment List, datasheet/ specification for the SBR system.\r\n•\tMechanical GA, QAP and Technical Datasheets for Decanters\r\n•\tOperating sequence description for the SBR. Operation Philosophy\r\nEngineering information shall be submitted electronically in .doc or .docx file format. Engineering drawings will also be supplied in AutoCad file format.\t1 Lot\r\n7\tStartup\t\tStart-up document package will include Pre-installation checklist, Log-sheet formats, Sign-Off On Quantity (SBR Components List) and Quality(Treated water effluent quality at the outlet of SBR), Service Package (Equipment Manuals, Catalogues, Operation & Maintenance manuals for overall system), Punch list tracking spreadsheet. Start-up services include:\r\nEquipment Installation Technical Advisory Services as per site requirement for all 4 nos of STPs: SFC will provide all the necessary guidelines for unloading the equipment, rigging the equipment into place, installing interconnecting piping, installing interconnecting wiring, installing power wiring as applicable, testing for adequate water and air pressure, testing power supply, and testing interconnecting wire circuitry. PEEIL shall provide all actual labor.\r\nPre-start-up Inspection Visit: Includes time to time inspect installation work, address questions, develop punch list of completion items necessary prior to return visit.\r\nEquipment Start-up: Includes technical advisory services in  preparing the equipment to operate I/O verification, equipment manually, I/O verifications, operating the equipment automatically, testing control system, technical advisory services in support of SBR system. \r\nPEEIL shall arrange a storage area suitable for storage of SBR system components and shall unload the material and put it in store under supervision of SFC. \r\nPerformance Test – Includes technical advisory servicesin support of set-up of and witness performance test of 72 hours / 3 days continuous operating run (for Decanter) without intervention beyond normal operational activities. \r\nFormal Training: This includes formal training that typically takes place after the equipment has been started up and prior to putting the system into service. This does not include informal training that takes place during Equipment start-up with an operator being present and assisting the technicians performing start-up.\t1 Lot\r\n8\tO&M Manuals\t\tOperating and Maintenance Manual which includes Storage Procedures, Erection, commissioning and start-up procedures, Spare parts list, special tools list, Test-Run procedure, Trouble shooting procedure, Equipment Data sheets, Control Narrative, Control Logic summary chart, Operation sequence chart, drawings and datasheet, O&M Manuals, If Applicable.\r\nO&M manual shall be submitted electronically in .doc or .docx or pdf file format, written in English.\t1 Lot\r\n9\tProject schedule and management\t\t•\tDetailing Engineering, Procurement and Manufacturing Schedule.\r\n•\tDedicated Project Manager who will serve as the primary contact for the Buyer throughout the order execution and system commissioning of SBR system.\r\n•\tSFC’s representative shall be available to attend project kick off meeting with the Buyer to discuss project schedule, establish proper lines of communications, and other critical matters necessary to ensure a successful project.\r\n•\tSFC’s Project Manager shall be available for two day kick-off meeting at PEEIL HO (Gurgaon)/Bangalore. Travel expenses are included for this visit.\r\n•\tSFC shall provide all necessary support for approval of drawings/design from the end client/consultant and will visit to the client/consultant as on when required by PEEIPL representative at their expenses.\r\n•\tSFC shall provide supervision services of a field engineer(s) to assist with system start-up, commissioning and provide operator training for the SBR system. Skilled and un-skilled labor shall be provided by PEEIL as per the requirement of SFC.\t\r\n10.\tInspection\t\t•\tInspection shall be carried out at supplier’s manufacturing factory as per approved documents. Fooding, Lodging & Boarding, Accommodation.\r\n•\tTo and Fro Charges charges shall be borne by PEEIPL.\t\r\n11.\tSupport during operation and maintenance period.\t\t•\tSFC shall provide 2 visits yearly as and when required at site in order to adhere the performance guarantee. Any additional visits required by PEEIPL shall be on chargeable basis and will be paid extra at actuals.\t\r\n	SBR System Design\r\n\r\nThe SBR System shall be designed, including all related accessories, for biological treatment of wastewater with Raw water characteristics as shown in the table below. The Decanter shall decant clarified water as per the treated effluent quality characteristics table shown below. SFC shall assume suitable concentration for components in a biologically treated wastewater that is not given in the table below for designing the SBR system. SFC shall considered alum precipitates (for phosphorous precipitation) in the SBR tank while designing the system.\r\n	f	\N
2026-06-12 10:05:11.332538	2026-06-12 10:07:04.001521	94739164-22dd-4c9d-a57f-085d69d129ac	PO-2026-0038	L2_APPROVED	NORMAL	8b847e18-42d6-4054-9df1-278114cf27d5	ea83bb79-c253-4601-a436-843de3897e9a	ace9ab70-fd4b-4b9c-86d7-eed9e33f00f9	dceb352a-8d71-4b26-a193-b325bcf2d755	office_admin	The total cost for the Complete Design, Engineering, Manufacturing, Supply, Supervision for Installation, Testing & Commissioning Including 07 years of Operation & maintenance of SBR System components as per Annexure-I for 4 Nos of STPs and warranty of the purchased items as specified in this LOI shall be INR 9,42,00,000.00 (Indian Rupees Nine Crore Forty Two Lakhs only) for SBR Components-Equipments and Instruments and INR 2,80,00,000.00) for SBR PLC with panel including custom duty, port clearance charges (Mumbai Port), transit insurance and transportation to site.	Mulund	2026-07-06 00:00:00	7 days	14952.00	2691.36	17643.36	3	3	\N	\N	2026-06-12 10:05:13.405185	\N	\N	\N	259be70b-e131-4a2e-b8ce-42eb9e41179c	\N	f	41d4e1d5-2248-4b33-b8eb-035b25433919	The total cost for the Complete Design, Engineering, Manufacturing, Supply, Supervision for Installation, Testing & Commissioning Including 07 years of Operation & maintenance of SBR System components as per Annexure-I for 4 Nos of STPs and warranty of the purchased items as specified in this LOI shall be INR 9,42,00,000.00 (Indian Rupees Nine Crore Forty Two Lakhs only) for SBR Components-Equipments and Instruments and INR 2,80,00,000.00) for SBR PLC with panel including custom duty, port clearance charges (Mumbai Port), transit insurance and transportation to site.	The total cost for the Complete Design, Engineering, Manufacturing, Supply, Supervision for Installation, Testing & Commissioning Including 07 years of Operation & maintenance of SBR System components as per Annexure-I for 4 Nos of STPs and warranty of the purchased items as specified in this LOI shall be INR 9,42,00,000.00 (Indian Rupees Nine Crore Forty Two Lakhs only) for SBR Components-Equipments and Instruments and INR 2,80,00,000.00) for SBR PLC with panel including custom duty, port clearance charges (Mumbai Port), transit insurance and transportation to site.	The total cost for the Complete Design, Engineering, Manufacturing, Supply, Supervision for Installation, Testing & Commissioning Including 07 years of Operation & maintenance of SBR System components as per Annexure-I for 4 Nos of STPs and warranty of the purchased items as specified in this LOI shall be INR 9,42,00,000.00 (Indian Rupees Nine Crore Forty Two Lakhs only) for SBR Components-Equipments and Instruments and INR 2,80,00,000.00) for SBR PLC with panel including custom duty, port clearance charges (Mumbai Port), transit insurance and transportation to site.	The total cost for the Complete Design, Engineering, Manufacturing, Supply, Supervision for Installation, Testing & Commissioning Including 07 years of Operation & maintenance of SBR System components as per Annexure-I for 4 Nos of STPs and warranty of the purchased items as specified in this LOI shall be INR 9,42,00,000.00 (Indian Rupees Nine Crore Forty Two Lakhs only) for SBR Components-Equipments and Instruments and INR 2,80,00,000.00) for SBR PLC with panel including custom duty, port clearance charges (Mumbai Port), transit insurance and transportation to site.	f	\N
2026-06-12 10:36:59.159309	2026-06-12 10:38:00.347064	f14d344a-bf9f-44ad-8cfe-941de0abca2d	PO-2026-0039	L2_APPROVED	NORMAL	8b847e18-42d6-4054-9df1-278114cf27d5	c23548ec-5a0b-4320-b9b3-3b0a52fefde1	ace9ab70-fd4b-4b9c-86d7-eed9e33f00f9	7a7538c1-5437-4b0c-9536-9db27fa6897c	it_software	The total cost for the Complete Design, Engineering, Manufacturing, Supply, Supervision for Installation, Testing & Commissioning Including 07 years of Operation & maintenance of SBR System components as per Annexure-I for 4 Nos of STPs and warranty of the purchased items as specified in this LOI shall be INR 9,42,00,000.00 (Indian Rupees Nine Crore Forty Two Lakhs only) for SBR Components-Equipments and Instruments and INR 2,80,00,000.00) for SBR PLC with panel including custom duty, port clearance charges (Mumbai Port), transit insurance and transportation to site.	Mulund	2026-06-26 00:00:00	7 days	30000.00	5400.00	35400.00	3	3	\N	\N	2026-06-12 10:37:05.034264	\N	\N	\N	259be70b-e131-4a2e-b8ce-42eb9e41179c	\N	f	88544b18-364e-454f-b0df-09d4290125f0	The total cost for the Complete Design, Engineering, Manufacturing, Supply, Supervision for Installation, Testing & Commissioning Including 07 years of Operation & maintenance of SBR System components as per Annexure-I for 4 Nos of STPs and warranty of the purchased items as specified in this LOI shall be INR 9,42,00,000.00 (Indian Rupees Nine Crore Forty Two Lakhs only) for SBR Components-Equipments and Instruments and INR 2,80,00,000.00) for SBR PLC with panel including custom duty, port clearance charges (Mumbai Port), transit insurance and transportation to site.	The total cost for the Complete Design, Engineering, Manufacturing, Supply, Supervision for Installation, Testing & Commissioning Including 07 years of Operation & maintenance of SBR System components as per Annexure-I for 4 Nos of STPs and warranty of the purchased items as specified in this LOI shall be INR 9,42,00,000.00 (Indian Rupees Nine Crore Forty Two Lakhs only) for SBR Components-Equipments and Instruments and INR 2,80,00,000.00) for SBR PLC with panel including custom duty, port clearance charges (Mumbai Port), transit insurance and transportation to site.	The total cost for the Complete Design, Engineering, Manufacturing, Supply, Supervision for Installation, Testing & Commissioning Including 07 years of Operation & maintenance of SBR System components as per Annexure-I for 4 Nos of STPs and warranty of the purchased items as specified in this LOI shall be INR 9,42,00,000.00 (Indian Rupees Nine Crore Forty Two Lakhs only) for SBR Components-Equipments and Instruments and INR 2,80,00,000.00) for SBR PLC with panel including custom duty, port clearance charges (Mumbai Port), transit insurance and transportation to site.	The total cost for the Complete Design, Engineering, Manufacturing, Supply, Supervision for Installation, Testing & Commissioning Including 07 years of Operation & maintenance of SBR System components as per Annexure-I for 4 Nos of STPs and warranty of the purchased items as specified in this LOI shall be INR 9,42,00,000.00 (Indian Rupees Nine Crore Forty Two Lakhs only) for SBR Components-Equipments and Instruments and INR 2,80,00,000.00) for SBR PLC with panel including custom duty, port clearance charges (Mumbai Port), transit insurance and transportation to site.	f	\N
2026-06-13 08:32:26.998529	2026-06-13 08:34:49.464923	63c59f87-d7bb-4426-b19f-42a1dc75d861	PO-2026-0040	L2_APPROVED	NORMAL	8b847e18-42d6-4054-9df1-278114cf27d5	ea83bb79-c253-4601-a436-843de3897e9a	1ec8f3e1-dc63-4995-9a52-5862b7756ac0	f69f930f-be8c-4503-b60c-cb9c64398d84	office_admin	In case the amicable resolution or settlement is not reached between the parties within a period of 30 days from the day on which the dispute(s) or difference(s) arose, such dispute(s) or difference(s) shall be referred to a sole Arbitrator for settlement by way of arbitration in accordance with the provisions of the Arbitration and Conciliation Act 1996 or any applicable law on arbitration that may be in force then, and any amendments made thereto. The sole arbitrator shall be appointed by the mutual consent of both the parties. The decision of the Arbitrator shall be final and binding on both the Parties. The venue of such arbitration shall be at New Delhi. The Language of the arbitration proceeding shall be in English.\r\nThe existence of any dispute(s) or difference(s) or the initiation or continuance of the arbitration proceedings shall not permit the parties to postpone or delay the performance by the parties of their respective obligations under this indenture.\r\n	Mulund	2026-06-24 00:00:00	45 days	17000.00	3060.00	20060.00	3	3	\N	\N	2026-06-13 08:32:34.457127	\N	\N	\N	259be70b-e131-4a2e-b8ce-42eb9e41179c	\N	f	41d4e1d5-2248-4b33-b8eb-035b25433919	In case the amicable resolution or settlement is not reached between the parties within a period of 30 days from the day on which the dispute(s) or difference(s) arose, such dispute(s) or difference(s) shall be referred to a sole Arbitrator for settlement by way of arbitration in accordance with the provisions of the Arbitration and Conciliation Act 1996 or any applicable law on arbitration that may be in force then, and any amendments made thereto. The sole arbitrator shall be appointed by the mutual consent of both the parties. The decision of the Arbitrator shall be final and binding on both the Parties. The venue of such arbitration shall be at New Delhi. The Language of the arbitration proceeding shall be in English.\r\nThe existence of any dispute(s) or difference(s) or the initiation or continuance of the arbitration proceedings shall not permit the parties to postpone or delay the performance by the parties of their respective obligations under this indenture.\r\n	In case the amicable resolution or settlement is not reached between the parties within a period of 30 days from the day on which the dispute(s) or difference(s) arose, such dispute(s) or difference(s) shall be referred to a sole Arbitrator for settlement by way of arbitration in accordance with the provisions of the Arbitration and Conciliation Act 1996 or any applicable law on arbitration that may be in force then, and any amendments made thereto. The sole arbitrator shall be appointed by the mutual consent of both the parties. The decision of the Arbitrator shall be final and binding on both the Parties. The venue of such arbitration shall be at New Delhi. The Language of the arbitration proceeding shall be in English.\r\nThe existence of any dispute(s) or difference(s) or the initiation or continuance of the arbitration proceedings shall not permit the parties to postpone or delay the performance by the parties of their respective obligations under this indenture.\r\n	In case the amicable resolution or settlement is not reached between the parties within a period of 30 days from the day on which the dispute(s) or difference(s) arose, such dispute(s) or difference(s) shall be referred to a sole Arbitrator for settlement by way of arbitration in accordance with the provisions of the Arbitration and Conciliation Act 1996 or any applicable law on arbitration that may be in force then, and any amendments made thereto. The sole arbitrator shall be appointed by the mutual consent of both the parties. The decision of the Arbitrator shall be final and binding on both the Parties. The venue of such arbitration shall be at New Delhi. The Language of the arbitration proceeding shall be in English.\r\nThe existence of any dispute(s) or difference(s) or the initiation or continuance of the arbitration proceedings shall not permit the parties to postpone or delay the performance by the parties of their respective obligations under this indenture.\r\n	In case the amicable resolution or settlement is not reached between the parties within a period of 30 days from the day on which the dispute(s) or difference(s) arose, such dispute(s) or difference(s) shall be referred to a sole Arbitrator for settlement by way of arbitration in accordance with the provisions of the Arbitration and Conciliation Act 1996 or any applicable law on arbitration that may be in force then, and any amendments made thereto. The sole arbitrator shall be appointed by the mutual consent of both the parties. The decision of the Arbitrator shall be final and binding on both the Parties. The venue of such arbitration shall be at New Delhi. The Language of the arbitration proceeding shall be in English.\r\nThe existence of any dispute(s) or difference(s) or the initiation or continuance of the arbitration proceedings shall not permit the parties to postpone or delay the performance by the parties of their respective obligations under this indenture.\r\n	f	\N
2026-06-13 09:41:44.811513	2026-06-13 09:41:44.811517	1bfdab8d-9660-4733-92bd-d2150a53a21e	PO-2026-0041	DRAFT	NORMAL	8b847e18-42d6-4054-9df1-278114cf27d5	ea83bb79-c253-4601-a436-843de3897e9a	ace9ab70-fd4b-4b9c-86d7-eed9e33f00f9	f69f930f-be8c-4503-b60c-cb9c64398d84	equipment_rental	DEMO	DEMO	2026-06-18 00:00:00	7 days	10000.00	1800.00	11800.00	0	4	\N	\N	\N	\N	\N	\N	259be70b-e131-4a2e-b8ce-42eb9e41179c	\N	f	b46bd9b6-942b-4bc2-bafc-5acca7971593	\N	\N	\N	\N	f	\N
2026-06-13 11:12:26.871751	2026-06-15 11:39:25.23759	885d11d6-4c07-4922-b6e8-337b634444de	PO-2026-0042	L3_APPROVED	NORMAL	8b847e18-42d6-4054-9df1-278114cf27d5	44562022-a2f5-4814-b36a-6503c308ca4c	ace9ab70-fd4b-4b9c-86d7-eed9e33f00f9	2c516189-60f1-482d-a034-c6198d558e67	material	DEMO	DEMO	2026-06-24 00:00:00	7 days	110000.00	19800.00	129800.00	4	4	\N	\N	2026-06-13 11:12:31.672099	\N	\N	\N	259be70b-e131-4a2e-b8ce-42eb9e41179c	\N	f	71d18b93-ba18-456d-b43b-9086ac925aa9	DEMO	DEMO	Demo	DEMO	f	\N
2026-06-16 10:38:03.158306	2026-06-16 10:38:03.158311	a09efaf7-98a2-4e60-be3e-ded3e9ea38cd	PO-2026-0043	DRAFT	NORMAL	8b847e18-42d6-4054-9df1-278114cf27d5	1459faa2-d27d-4049-a9f0-0ff9c1390859	1ec8f3e1-dc63-4995-9a52-5862b7756ac0	dceb352a-8d71-4b26-a193-b325bcf2d755	capital_expenditure	demo	DEMO	2026-06-17 00:00:00	7 days	228000.00	41040.00	269040.00	0	4	\N	\N	\N	\N	\N	\N	259be70b-e131-4a2e-b8ce-42eb9e41179c	\N	f	856157db-6093-4ed2-aaea-882fc23aafce	DEMO	DEMO	DEMO	DEMO	f	\N
2026-06-19 05:30:00.084849	2026-06-19 05:30:05.007865	77d10d5d-9bc1-4433-87ab-070e44800187	PO-2026-0044	SUBMITTED	NORMAL	3918d3cf-626e-41d6-b721-df89d2ccea43	ea83bb79-c253-4601-a436-843de3897e9a	1ec8f3e1-dc63-4995-9a52-5862b7756ac0	7a7538c1-5437-4b0c-9536-9db27fa6897c	material	DEMO	Mulund	2026-06-25 00:00:00	\N	150000.00	27000.00	177000.00	1	4	\N	\N	2026-06-19 05:30:05.006979	\N	\N	\N	b59239f5-a676-44fb-bd10-d3593dd2c8f6	\N	t	d55b8d93-ca6e-45de-9e89-4bb603f01876	\N	\N	\N	\N	f	\N
2026-06-19 05:49:45.703941	2026-06-19 05:49:50.617459	cbee536f-bf7f-47f2-b1fe-b5c15aee397a	PO-2026-0045	SUBMITTED	NORMAL	3918d3cf-626e-41d6-b721-df89d2ccea43	ea83bb79-c253-4601-a436-843de3897e9a	bdb320ee-3c18-452a-a9b2-86077d5accaf	7a7538c1-5437-4b0c-9536-9db27fa6897c	material	DEMO	Mulund	2026-06-24 00:00:00	7 days	15000.00	2700.00	17700.00	1	4	\N	\N	2026-06-19 05:49:50.616319	\N	\N	\N	b59239f5-a676-44fb-bd10-d3593dd2c8f6	\N	f	d55b8d93-ca6e-45de-9e89-4bb603f01876	\N	\N	\N	\N	f	\N
2026-06-19 06:01:56.640004	2026-06-19 06:01:58.89907	2ece26ca-907a-4ac7-855f-271176490dae	PO-2026-0046	SUBMITTED	NORMAL	3918d3cf-626e-41d6-b721-df89d2ccea43	ea83bb79-c253-4601-a436-843de3897e9a	ace9ab70-fd4b-4b9c-86d7-eed9e33f00f9	7a7538c1-5437-4b0c-9536-9db27fa6897c	material	DEMO	Mulund	2026-07-02 00:00:00	Advance	23700.00	4266.00	27966.00	1	5	\N	\N	2026-06-19 06:01:58.898559	\N	\N	\N	b59239f5-a676-44fb-bd10-d3593dd2c8f6	\N	f	d55b8d93-ca6e-45de-9e89-4bb603f01876	\N	\N	\N	\N	f	\N
2026-06-19 06:09:07.510766	2026-06-19 06:09:09.303853	d30b0e3f-72f3-4121-8f39-f59e6465307b	PO-2026-0047	SUBMITTED	NORMAL	3918d3cf-626e-41d6-b721-df89d2ccea43	ea83bb79-c253-4601-a436-843de3897e9a	248165fe-b4bc-48e2-8b0d-5a1c553f4ee4	f69f930f-be8c-4503-b60c-cb9c64398d84	material	DEMO	Mulund	2026-07-01 00:00:00	15 days	16000.00	2880.00	18880.00	1	5	\N	\N	2026-06-19 06:09:09.302747	\N	\N	\N	b59239f5-a676-44fb-bd10-d3593dd2c8f6	\N	f	d55b8d93-ca6e-45de-9e89-4bb603f01876	\N	\N	\N	\N	f	\N
2026-06-19 06:17:01.081496	2026-06-19 06:17:04.90906	06b3623f-2a24-4fa6-8abd-19fa115894cd	PO-2026-0048	SUBMITTED	NORMAL	3918d3cf-626e-41d6-b721-df89d2ccea43	ea83bb79-c253-4601-a436-843de3897e9a	\N	7a7538c1-5437-4b0c-9536-9db27fa6897c	material	DEMO	DMEO	2026-06-24 00:00:00	\N	14000.00	2520.00	16520.00	1	5	\N	\N	2026-06-19 06:17:04.907736	\N	\N	\N	b59239f5-a676-44fb-bd10-d3593dd2c8f6	\N	f	\N	\N	\N	\N	\N	f	\N
2026-06-19 06:37:07.696909	2026-06-19 06:38:17.401242	b71592cd-3050-47bb-a738-dd577a01e72a	PO-2026-0049	DRAFT	NORMAL	3918d3cf-626e-41d6-b721-df89d2ccea43	ea83bb79-c253-4601-a436-843de3897e9a	ace9ab70-fd4b-4b9c-86d7-eed9e33f00f9	7a7538c1-5437-4b0c-9536-9db27fa6897c	material	DEMO	Mulund	2026-06-24 00:00:00	60 days	22500.00	4050.00	26550.00	0	5	\N	\N	\N	\N	\N	\N	b59239f5-a676-44fb-bd10-d3593dd2c8f6	Cement	t	b8189ed4-5430-4770-ab77-cfa820b3f124	\N	\N	\N	\N	t	2026-06-19 06:38:17.400122
\.


--
-- Data for Name: approval_steps; Type: TABLE DATA; Schema: public; Owner: pouser
--

COPY public.approval_steps (created_at, updated_at, id, purchase_order_id, approver_id, level, action, comments, acted_at, delegated_from_id) FROM stdin;
2026-06-01 12:56:08.682354	2026-06-01 12:56:08.68236	af9d0abd-6bdc-4865-9277-7e640461dd22	9170cdc5-07c1-4122-8c95-00ecb8697d9a	2be3942a-301b-407b-baae-71625d202ee6	1	APPROVE	\N	2026-06-01 12:56:08.682249	\N
2026-06-01 12:58:44.407094	2026-06-01 12:58:44.407097	18c1ea48-d955-4b70-8655-0482a1cfc3f7	9170cdc5-07c1-4122-8c95-00ecb8697d9a	a848a773-9220-42fa-be67-f515c59e8d81	2	APPROVE	\N	2026-06-01 12:58:44.40705	\N
2026-06-01 13:31:10.210671	2026-06-01 13:31:10.210674	70e96c53-b3aa-4409-9a4a-611a7dad0999	2518a290-a014-4c04-99e2-66982140750e	2be3942a-301b-407b-baae-71625d202ee6	1	APPROVE	\N	2026-06-01 13:31:10.210584	\N
2026-06-01 13:31:47.257751	2026-06-01 13:31:47.257754	d1152e89-180e-465c-85fe-c9b5fbea9f94	2518a290-a014-4c04-99e2-66982140750e	a848a773-9220-42fa-be67-f515c59e8d81	2	APPROVE	\N	2026-06-01 13:31:47.257715	\N
2026-06-01 13:32:12.640951	2026-06-01 13:32:12.640955	1c6b8dc0-5362-4536-967a-e1762daa6804	2518a290-a014-4c04-99e2-66982140750e	3ec80bde-aecc-46a8-b540-5ceeab8a0373	3	APPROVE	\N	2026-06-01 13:32:12.640891	\N
2026-06-02 07:31:35.629455	2026-06-02 07:31:35.629459	f85cf06a-bb07-4232-a700-5b67827e54aa	aeb59fc3-5ad4-4f06-a34c-d0f82df35de9	2be3942a-301b-407b-baae-71625d202ee6	1	APPROVE	\N	2026-06-02 07:31:35.629298	\N
2026-06-02 07:32:29.444675	2026-06-02 07:32:29.444677	8d73e3e5-723c-4d2e-be2c-e6784bb32e1f	aeb59fc3-5ad4-4f06-a34c-d0f82df35de9	a848a773-9220-42fa-be67-f515c59e8d81	2	APPROVE	\N	2026-06-02 07:32:29.444616	\N
2026-06-02 07:33:03.544962	2026-06-02 07:33:03.544965	44f8ed6e-6d6d-4b54-8452-61202a990460	aeb59fc3-5ad4-4f06-a34c-d0f82df35de9	3ec80bde-aecc-46a8-b540-5ceeab8a0373	3	APPROVE	\N	2026-06-02 07:33:03.544922	\N
2026-06-02 08:55:28.639679	2026-06-02 08:55:28.639682	0a10d3ca-76f8-41cf-b87b-814db7071dad	1c695a69-78f7-4413-a5c9-0c001d0405f5	455066fb-c2ee-4761-adb2-0d61bda3db98	1	APPROVE	\N	2026-06-02 08:55:28.639605	\N
2026-06-02 08:56:18.758096	2026-06-02 08:56:18.758099	c41b582c-bd61-4499-9a75-5facde51d8cc	1c695a69-78f7-4413-a5c9-0c001d0405f5	3918d3cf-626e-41d6-b721-df89d2ccea43	2	APPROVE	\N	2026-06-02 08:56:18.758058	\N
2026-06-02 09:00:17.910896	2026-06-02 09:00:17.910901	cf5eb912-99f0-47f8-a3b3-602e1e4c30c8	1c695a69-78f7-4413-a5c9-0c001d0405f5	e1b359c0-70dc-4479-a580-330ca153efd8	3	APPROVE	\N	2026-06-02 09:00:17.910821	\N
2026-06-02 09:14:16.815713	2026-06-02 09:14:16.815717	4d99b733-0850-4685-81ac-4902a2dd1c0b	d40ce25b-4f77-4ff6-9ccf-d2a468bada8c	455066fb-c2ee-4761-adb2-0d61bda3db98	1	APPROVE	\N	2026-06-02 09:14:16.815658	\N
2026-06-02 09:15:38.661454	2026-06-02 09:15:38.661457	65044aca-af34-4533-aa5c-88802983d4c9	d40ce25b-4f77-4ff6-9ccf-d2a468bada8c	3918d3cf-626e-41d6-b721-df89d2ccea43	2	APPROVE	\N	2026-06-02 09:15:38.661247	\N
2026-06-02 09:19:30.220865	2026-06-02 09:19:30.220869	791370b0-ca3f-4fce-900c-8759ee3762f1	1c695a69-78f7-4413-a5c9-0c001d0405f5	7336d329-e979-4738-865e-10b9d36b3a8f	4	REJECT	DEMO	2026-06-02 09:19:30.220809	\N
2026-06-03 07:19:16.133281	2026-06-03 07:19:16.133292	0782d9b9-8bb5-40fc-880d-0edc66e625e1	85d48e75-7cb5-448b-857b-805dfa363002	455066fb-c2ee-4761-adb2-0d61bda3db98	1	RETURN	abc	2026-06-03 07:19:16.13288	\N
2026-06-06 05:38:04.932476	2026-06-06 05:38:04.932481	60a6dbdd-2d21-4dfd-b1f9-b4ed494ede23	ecb2d397-01d5-4316-b013-3ead3c922bc4	3918d3cf-626e-41d6-b721-df89d2ccea43	1	APPROVE	\N	2026-06-06 05:38:04.932368	\N
2026-06-06 05:40:10.536182	2026-06-06 05:40:10.536186	f495fdba-ee0d-4ed5-b20f-d86a74a32790	ecb2d397-01d5-4316-b013-3ead3c922bc4	9f5f1962-d949-49b5-8c4e-7ffdcca6c0be	2	APPROVE	\N	2026-06-06 05:40:10.536124	\N
2026-06-06 05:40:32.533225	2026-06-06 05:40:32.533228	c564259f-8d71-4365-a9d3-32ee71840ae6	ecb2d397-01d5-4316-b013-3ead3c922bc4	455066fb-c2ee-4761-adb2-0d61bda3db98	3	APPROVE	\N	2026-06-06 05:40:32.53318	\N
2026-06-06 05:43:38.116371	2026-06-06 05:43:38.116374	f731bb21-a7c7-4626-b31a-84679d6ff259	ecb2d397-01d5-4316-b013-3ead3c922bc4	2acb822a-6456-403a-ac35-20f111b337ad	4	APPROVE	\N	2026-06-06 05:43:38.116304	\N
2026-06-06 07:16:36.329568	2026-06-06 07:16:36.329571	84b6b5c4-1c98-4005-9a4c-5aee59ca231d	8e8f0c1a-072d-498d-959c-c021c2ad3c33	55ac4337-1dd4-4810-ae29-ddf6b08cf137	1	APPROVE	\N	2026-06-06 07:16:36.329528	\N
2026-06-06 07:20:03.398989	2026-06-06 07:20:03.398993	20014b52-200b-4398-8f5e-5e4d2407824e	8e8f0c1a-072d-498d-959c-c021c2ad3c33	9f5f1962-d949-49b5-8c4e-7ffdcca6c0be	2	APPROVE	\N	2026-06-06 07:20:03.398862	\N
2026-06-06 07:20:34.613604	2026-06-06 07:20:34.613609	309f75a7-02a9-4adb-9615-32a768086390	8e8f0c1a-072d-498d-959c-c021c2ad3c33	455066fb-c2ee-4761-adb2-0d61bda3db98	3	APPROVE	\N	2026-06-06 07:20:34.613528	\N
2026-06-06 07:43:19.0975	2026-06-06 07:43:19.097507	3000ed9f-3010-4d94-9d1d-7779eb810a68	8e8f0c1a-072d-498d-959c-c021c2ad3c33	2acb822a-6456-403a-ac35-20f111b337ad	4	RETURN	DEMO	2026-06-06 07:43:19.097453	\N
2026-06-08 06:31:06.340466	2026-06-08 06:31:06.340468	016b90b3-3dad-4fc8-9a17-8ab225a7fce6	4e40e54e-7a4b-4282-8cc3-423526a7967c	55ac4337-1dd4-4810-ae29-ddf6b08cf137	1	APPROVE	\N	2026-06-08 06:31:06.340417	\N
2026-06-08 06:36:16.196119	2026-06-08 06:36:16.196122	0eb12240-3445-4fa0-aea0-f62101c18290	4e40e54e-7a4b-4282-8cc3-423526a7967c	9f5f1962-d949-49b5-8c4e-7ffdcca6c0be	2	APPROVE	\N	2026-06-08 06:36:16.196071	\N
2026-06-08 06:36:47.418023	2026-06-08 06:36:47.418032	e397a1c0-f9b7-4390-a753-d2f57f54c1b1	4e40e54e-7a4b-4282-8cc3-423526a7967c	455066fb-c2ee-4761-adb2-0d61bda3db98	3	APPROVE	\N	2026-06-08 06:36:47.41787	\N
2026-06-08 06:37:10.230319	2026-06-08 06:37:10.230322	a8af1bf7-2adf-458f-af03-e80a0d81b2d2	4e40e54e-7a4b-4282-8cc3-423526a7967c	2acb822a-6456-403a-ac35-20f111b337ad	4	APPROVE	\N	2026-06-08 06:37:10.230279	\N
2026-06-08 06:56:01.139853	2026-06-08 06:56:01.139857	c1543204-57d3-4fdb-bb57-21459b18b25b	4e40e54e-7a4b-4282-8cc3-423526a7967c	e1b359c0-70dc-4479-a580-330ca153efd8	5	APPROVE	\N	2026-06-08 06:56:01.139783	\N
2026-06-08 07:09:26.044359	2026-06-08 07:09:26.044363	b959dda1-4cec-4ea0-a2a0-c63a26bb8b9f	544c4a18-05ae-45c3-93e9-ec81506a5d0b	55ac4337-1dd4-4810-ae29-ddf6b08cf137	1	APPROVE	\N	2026-06-08 07:09:26.044301	\N
2026-06-08 07:10:46.968215	2026-06-08 07:10:46.968217	6e75e6c2-45b9-463b-84b4-44e6f5957ea7	544c4a18-05ae-45c3-93e9-ec81506a5d0b	9f5f1962-d949-49b5-8c4e-7ffdcca6c0be	2	APPROVE	\N	2026-06-08 07:10:46.968177	\N
2026-06-08 07:11:13.251281	2026-06-08 07:11:13.251285	448a9ce1-d7aa-45a0-a982-f24900241b4b	544c4a18-05ae-45c3-93e9-ec81506a5d0b	455066fb-c2ee-4761-adb2-0d61bda3db98	3	APPROVE	\N	2026-06-08 07:11:13.251234	\N
2026-06-08 07:11:26.377559	2026-06-08 07:11:26.377561	feff5297-929a-454e-bdf8-eb2f5dd40e0b	544c4a18-05ae-45c3-93e9-ec81506a5d0b	2acb822a-6456-403a-ac35-20f111b337ad	4	APPROVE	\N	2026-06-08 07:11:26.377505	\N
2026-06-08 07:19:39.587365	2026-06-08 07:19:39.587367	89668d24-40c5-4943-86c8-fa7c7f0f8e0b	fe6f165a-6182-407e-bf5f-c9d87e9a974a	55ac4337-1dd4-4810-ae29-ddf6b08cf137	1	APPROVE	\N	2026-06-08 07:19:39.587297	\N
2026-06-08 07:19:50.021726	2026-06-08 07:19:50.02173	8392a8df-0565-4174-a066-4889cf2f5c3a	fe6f165a-6182-407e-bf5f-c9d87e9a974a	9f5f1962-d949-49b5-8c4e-7ffdcca6c0be	2	APPROVE	\N	2026-06-08 07:19:50.021641	\N
2026-06-08 07:20:12.358877	2026-06-08 07:20:12.35888	f90dddff-ede9-4d4c-b43c-5e2640d957a0	fe6f165a-6182-407e-bf5f-c9d87e9a974a	455066fb-c2ee-4761-adb2-0d61bda3db98	3	APPROVE	\N	2026-06-08 07:20:12.358819	\N
2026-06-08 07:20:25.909992	2026-06-08 07:20:25.909995	daa83537-0103-492d-981c-179b84a2f341	fe6f165a-6182-407e-bf5f-c9d87e9a974a	2acb822a-6456-403a-ac35-20f111b337ad	4	APPROVE	\N	2026-06-08 07:20:25.909954	\N
2026-06-08 07:21:14.34383	2026-06-08 07:21:14.343833	a784a376-98f7-4c02-a286-a1c74c8cb9d4	fe6f165a-6182-407e-bf5f-c9d87e9a974a	e1b359c0-70dc-4479-a580-330ca153efd8	5	APPROVE	\N	2026-06-08 07:21:14.343773	\N
2026-06-08 07:58:31.196592	2026-06-08 07:58:31.196611	2f0402cf-85a3-498f-abc8-11050532c2c6	fe6f165a-6182-407e-bf5f-c9d87e9a974a	7336d329-e979-4738-865e-10b9d36b3a8f	6	APPROVE	\N	2026-06-08 07:58:31.19618	\N
2026-06-10 05:25:42.271461	2026-06-10 05:25:42.271465	5a56ed99-eec4-4f4c-9dc0-fa7a67e88a55	793fc6ce-7968-4589-ac92-b0d767d167fb	e749a81a-6f9a-4c61-8eac-f4e5ed5e137e	1	APPROVE	\N	2026-06-10 05:25:42.271359	\N
2026-06-10 10:56:58.96851	2026-06-10 10:56:58.968513	e6d1de61-9310-429c-9144-3f3a897904d6	3503fc43-c0ee-4215-9530-21c0efadc9cd	55ac4337-1dd4-4810-ae29-ddf6b08cf137	1	APPROVE	\N	2026-06-10 10:56:58.968391	\N
2026-06-10 10:57:13.910777	2026-06-10 10:57:13.91078	df66c6ec-4ad4-421c-90e2-d1871370f0a0	3503fc43-c0ee-4215-9530-21c0efadc9cd	9f5f1962-d949-49b5-8c4e-7ffdcca6c0be	2	APPROVE	\N	2026-06-10 10:57:13.910739	\N
2026-06-10 10:58:15.595932	2026-06-10 10:58:15.595935	5857e9d3-601d-4fe8-8872-8ebb9333be69	3503fc43-c0ee-4215-9530-21c0efadc9cd	455066fb-c2ee-4761-adb2-0d61bda3db98	3	APPROVE	\N	2026-06-10 10:58:15.595867	\N
2026-06-10 10:58:25.332761	2026-06-10 10:58:25.332763	e927c802-df23-4225-900b-e75c3037ec6b	3503fc43-c0ee-4215-9530-21c0efadc9cd	2acb822a-6456-403a-ac35-20f111b337ad	4	APPROVE	\N	2026-06-10 10:58:25.33273	\N
2026-06-10 10:58:49.32056	2026-06-10 10:58:49.320562	378d7c89-2bfc-4bb3-8913-5939366fceb9	3503fc43-c0ee-4215-9530-21c0efadc9cd	e1b359c0-70dc-4479-a580-330ca153efd8	5	APPROVE	\N	2026-06-10 10:58:49.320523	\N
2026-06-10 10:59:01.593886	2026-06-10 10:59:01.593889	9619654e-6878-4a42-a32a-31d57b869f26	3503fc43-c0ee-4215-9530-21c0efadc9cd	7336d329-e979-4738-865e-10b9d36b3a8f	6	APPROVE	\N	2026-06-10 10:59:01.593845	\N
2026-06-12 06:10:11.032775	2026-06-12 06:10:11.032778	bf4522b7-3df4-4d42-a4c2-3f6d934dd750	f82aedc9-f60e-483f-a3c1-75e6be82d4c5	455066fb-c2ee-4761-adb2-0d61bda3db98	1	APPROVE	\N	2026-06-12 06:10:11.032713	\N
2026-06-12 06:40:58.331452	2026-06-12 06:40:58.331455	ef0147d5-c26c-4441-a383-71bf91b75bca	5d63f592-7c98-483f-992c-447ef5bad0de	455066fb-c2ee-4761-adb2-0d61bda3db98	1	APPROVE	\N	2026-06-12 06:40:58.331409	\N
2026-06-12 09:41:03.928146	2026-06-12 09:41:03.92815	c763175f-e543-40eb-a0d0-11b750d474f9	5d63f592-7c98-483f-992c-447ef5bad0de	a9f65202-6dec-403e-948a-a1adc859c10b	2	APPROVE	\N	2026-06-12 09:41:03.928086	\N
2026-06-12 10:05:39.61178	2026-06-12 10:05:39.611783	7908c7ca-9374-472c-8bf1-34e0690af353	94739164-22dd-4c9d-a57f-085d69d129ac	455066fb-c2ee-4761-adb2-0d61bda3db98	1	APPROVE	\N	2026-06-12 10:05:39.611728	\N
2026-06-12 10:07:04.000853	2026-06-12 10:07:04.000858	346dccc1-d160-44ee-a37c-6af46e18a3a5	94739164-22dd-4c9d-a57f-085d69d129ac	a9f65202-6dec-403e-948a-a1adc859c10b	2	APPROVE	\N	2026-06-12 10:07:04.000779	\N
2026-06-12 10:29:24.000571	2026-06-12 10:29:24.000575	7ea64fb6-999d-4fa4-a206-e4ee0ed279f4	4e40e54e-7a4b-4282-8cc3-423526a7967c	7336d329-e979-4738-865e-10b9d36b3a8f	6	APPROVE	\N	2026-06-12 10:29:24.000524	\N
2026-06-12 10:37:28.922663	2026-06-12 10:37:28.922666	6a00f914-87bb-4fd6-b193-c61a417832dc	f14d344a-bf9f-44ad-8cfe-941de0abca2d	455066fb-c2ee-4761-adb2-0d61bda3db98	1	APPROVE	\N	2026-06-12 10:37:28.922626	\N
2026-06-12 10:38:00.346443	2026-06-12 10:38:00.346453	406c3b59-5b94-46b2-9946-002f8f86258d	f14d344a-bf9f-44ad-8cfe-941de0abca2d	a9f65202-6dec-403e-948a-a1adc859c10b	2	APPROVE	\N	2026-06-12 10:38:00.34639	\N
2026-06-13 08:33:20.83657	2026-06-13 08:33:20.836573	0096aa37-ae8f-4e8d-8c84-8fb7d1819c7c	63c59f87-d7bb-4426-b19f-42a1dc75d861	455066fb-c2ee-4761-adb2-0d61bda3db98	1	APPROVE	\N	2026-06-13 08:33:20.836477	\N
2026-06-13 08:34:49.463968	2026-06-13 08:34:49.463971	c8535bbe-3a32-428e-897b-4fe4c1b410cb	63c59f87-d7bb-4426-b19f-42a1dc75d861	a9f65202-6dec-403e-948a-a1adc859c10b	2	APPROVE	\N	2026-06-13 08:34:49.463881	\N
2026-06-15 08:20:22.70767	2026-06-15 08:20:22.707676	e21768b0-142f-4e88-842c-a9869319b11d	885d11d6-4c07-4922-b6e8-337b634444de	455066fb-c2ee-4761-adb2-0d61bda3db98	1	APPROVE	\N	2026-06-15 08:20:22.707111	\N
2026-06-15 10:58:21.09591	2026-06-15 10:58:21.095915	36340149-c980-4e05-9abf-967d68e7cb35	885d11d6-4c07-4922-b6e8-337b634444de	a9f65202-6dec-403e-948a-a1adc859c10b	2	APPROVE	\N	2026-06-15 10:58:21.095368	\N
2026-06-15 11:39:25.233573	2026-06-15 11:39:25.233576	88d728d7-5656-4d7b-b2d8-ec837919676c	885d11d6-4c07-4922-b6e8-337b634444de	9f5f1962-d949-49b5-8c4e-7ffdcca6c0be	3	APPROVE	\N	2026-06-15 11:39:25.233012	\N
\.


--
-- Data for Name: articles; Type: TABLE DATA; Schema: public; Owner: pouser
--

COPY public.articles (id, title, description, is_active, created_at, updated_at) FROM stdin;
\.


--
-- Data for Name: audit_logs; Type: TABLE DATA; Schema: public; Owner: pouser
--

COPY public.audit_logs (id, purchase_order_id, actor_id, action, from_status, to_status, comments, extra_data, created_at) FROM stdin;
ef3ee2be-58b3-4c53-88f2-b2bcff217a7c	0d2f112c-a70f-46ea-a625-5192ce771789	9b1488b7-3c61-47e7-9650-fe508e500b53	CREATED	\N	DRAFT	\N	null	2026-06-01 11:18:12.753308
964c4e72-c080-4e7a-9d6d-3c567f5f96c8	32a85996-0d26-4b45-b0d7-c7daa904f90a	c31fec2e-b04f-4e98-bcf3-b861ad4eba12	CREATED	\N	DRAFT	\N	null	2026-06-01 11:32:37.880732
28052c43-8ec0-40f4-9348-67b16e3beb2a	9170cdc5-07c1-4122-8c95-00ecb8697d9a	c31fec2e-b04f-4e98-bcf3-b861ad4eba12	CREATED	\N	DRAFT	\N	null	2026-06-01 11:57:37.043377
5f18d49b-8699-415a-b3ea-5f175e5893e2	9170cdc5-07c1-4122-8c95-00ecb8697d9a	c31fec2e-b04f-4e98-bcf3-b861ad4eba12	SUBMITTED	DRAFT	SUBMITTED	\N	null	2026-06-01 11:57:43.748212
6c20951b-45f7-4f11-ac02-8bd83c007b1e	32a85996-0d26-4b45-b0d7-c7daa904f90a	c31fec2e-b04f-4e98-bcf3-b861ad4eba12	SUBMITTED	DRAFT	SUBMITTED	\N	null	2026-06-01 11:57:57.444057
495e0342-3013-40a9-842a-4d462316ae70	9170cdc5-07c1-4122-8c95-00ecb8697d9a	2be3942a-301b-407b-baae-71625d202ee6	APPROVED	SUBMITTED	L1_APPROVED	\N	null	2026-06-01 12:56:08.682585
553f0087-ca0b-410d-bac5-0fe0e0489e7b	9170cdc5-07c1-4122-8c95-00ecb8697d9a	a848a773-9220-42fa-be67-f515c59e8d81	APPROVED	L1_APPROVED	APPROVED	\N	null	2026-06-01 12:58:44.40723
3cead336-a6d9-434e-8d22-22c637f27981	2518a290-a014-4c04-99e2-66982140750e	d3b71924-8158-49f1-adf4-870befc4ef13	CREATED	\N	DRAFT	\N	null	2026-06-01 13:03:11.478953
1ccfbd71-291e-46e4-a2b0-2579cc05dd1c	2518a290-a014-4c04-99e2-66982140750e	d3b71924-8158-49f1-adf4-870befc4ef13	SUBMITTED	DRAFT	SUBMITTED	\N	null	2026-06-01 13:26:28.870925
b1cb6eb8-823c-4fd5-aca5-cf3436d8a955	2518a290-a014-4c04-99e2-66982140750e	2be3942a-301b-407b-baae-71625d202ee6	APPROVED	SUBMITTED	L1_APPROVED	\N	null	2026-06-01 13:31:10.210974
55c2f061-aedc-41d3-a1e3-ac71cad32228	2518a290-a014-4c04-99e2-66982140750e	a848a773-9220-42fa-be67-f515c59e8d81	APPROVED	L1_APPROVED	L2_APPROVED	\N	null	2026-06-01 13:31:47.257892
c4846488-4a17-4600-8d47-c5e158cd6dfc	2518a290-a014-4c04-99e2-66982140750e	3ec80bde-aecc-46a8-b540-5ceeab8a0373	APPROVED	L2_APPROVED	L3_APPROVED	\N	null	2026-06-01 13:32:12.641166
f26e9f67-e1d8-47a2-b6d0-eef0033a2f4d	aeb59fc3-5ad4-4f06-a34c-d0f82df35de9	100c1d98-8d77-4045-874c-11f4bcaaf726	CREATED	\N	DRAFT	\N	null	2026-06-02 07:10:15.477605
b8b61c52-e319-4654-911d-22da0c81a945	aeb59fc3-5ad4-4f06-a34c-d0f82df35de9	100c1d98-8d77-4045-874c-11f4bcaaf726	SUBMITTED	DRAFT	SUBMITTED	\N	null	2026-06-02 07:29:55.985754
8d30fa2b-4c7d-4357-8ba5-7db7645fdf5b	aeb59fc3-5ad4-4f06-a34c-d0f82df35de9	2be3942a-301b-407b-baae-71625d202ee6	APPROVED	SUBMITTED	L1_APPROVED	\N	null	2026-06-02 07:31:35.62973
b26d19e8-4fb5-49ec-b86c-ead76ff3ad4d	aeb59fc3-5ad4-4f06-a34c-d0f82df35de9	a848a773-9220-42fa-be67-f515c59e8d81	APPROVED	L1_APPROVED	L2_APPROVED	\N	null	2026-06-02 07:32:29.44483
3b89561b-131d-49d3-b09e-fe505b0dad93	aeb59fc3-5ad4-4f06-a34c-d0f82df35de9	3ec80bde-aecc-46a8-b540-5ceeab8a0373	APPROVED	L2_APPROVED	L3_APPROVED	\N	null	2026-06-02 07:33:03.545081
cc4caa3b-17f0-4fcc-8988-9a125aa6751e	793fc6ce-7968-4589-ac92-b0d767d167fb	c31fec2e-b04f-4e98-bcf3-b861ad4eba12	CREATED	\N	DRAFT	\N	null	2026-06-02 08:01:11.045838
25225bd9-2a74-4e59-9f31-d9106baf92ee	793fc6ce-7968-4589-ac92-b0d767d167fb	c31fec2e-b04f-4e98-bcf3-b861ad4eba12	SUBMITTED	DRAFT	SUBMITTED	\N	null	2026-06-02 08:01:20.021973
b05b9bd1-e97b-4cad-9d6a-0dd32b918e24	1c695a69-78f7-4413-a5c9-0c001d0405f5	a9f65202-6dec-403e-948a-a1adc859c10b	CREATED	\N	DRAFT	\N	null	2026-06-02 08:54:04.305892
8132544c-a766-45cb-b98f-4b1e0767c45f	1c695a69-78f7-4413-a5c9-0c001d0405f5	a9f65202-6dec-403e-948a-a1adc859c10b	SUBMITTED	DRAFT	SUBMITTED	\N	null	2026-06-02 08:54:10.80344
ac5930ec-b32c-4b42-88c7-60e7db375212	1c695a69-78f7-4413-a5c9-0c001d0405f5	455066fb-c2ee-4761-adb2-0d61bda3db98	APPROVED	SUBMITTED	L1_APPROVED	\N	null	2026-06-02 08:55:28.639981
01e0aadf-607b-4aad-905f-c6dc29a9142a	1c695a69-78f7-4413-a5c9-0c001d0405f5	3918d3cf-626e-41d6-b721-df89d2ccea43	APPROVED	L1_APPROVED	L2_APPROVED	\N	null	2026-06-02 08:56:18.758225
8f5e5e19-cd99-4300-a6b1-c01bab16b0fd	1c695a69-78f7-4413-a5c9-0c001d0405f5	e1b359c0-70dc-4479-a580-330ca153efd8	APPROVED	L2_APPROVED	L3_APPROVED	\N	null	2026-06-02 09:00:17.911268
cd27a017-3a24-468f-b2cb-9f068287012b	d40ce25b-4f77-4ff6-9ccf-d2a468bada8c	a9f65202-6dec-403e-948a-a1adc859c10b	CREATED	\N	DRAFT	\N	null	2026-06-02 09:11:49.737644
01a94331-c932-4c48-986d-6c843126a39a	d40ce25b-4f77-4ff6-9ccf-d2a468bada8c	a9f65202-6dec-403e-948a-a1adc859c10b	SUBMITTED	DRAFT	SUBMITTED	\N	null	2026-06-02 09:13:00.243233
c7062e42-518e-49ac-92cc-306f198f4dbc	d40ce25b-4f77-4ff6-9ccf-d2a468bada8c	455066fb-c2ee-4761-adb2-0d61bda3db98	APPROVED	SUBMITTED	L1_APPROVED	\N	null	2026-06-02 09:14:16.81601
800f926f-2e6f-443b-a042-da2d52d65417	d40ce25b-4f77-4ff6-9ccf-d2a468bada8c	3918d3cf-626e-41d6-b721-df89d2ccea43	APPROVED	L1_APPROVED	APPROVED	\N	null	2026-06-02 09:15:38.661841
9efa9c9b-02a4-4daa-bd79-49a7537ecc48	1c695a69-78f7-4413-a5c9-0c001d0405f5	7336d329-e979-4738-865e-10b9d36b3a8f	REJECTED	L3_APPROVED	REJECTED	DEMO	null	2026-06-02 09:19:30.221045
6f6359bc-9367-45f5-a4ac-edd13b891b02	21d52e54-d195-4619-ad5a-353382516819	a9f65202-6dec-403e-948a-a1adc859c10b	CREATED	\N	DRAFT	\N	null	2026-06-02 09:26:27.433879
a8345775-ce1b-4c37-911d-c4516e88196d	21d52e54-d195-4619-ad5a-353382516819	a9f65202-6dec-403e-948a-a1adc859c10b	SUBMITTED	DRAFT	SUBMITTED	\N	null	2026-06-02 09:26:32.15072
8ad740fc-812d-4f84-8580-d3ea1f1ef175	c7f40f6c-766c-491c-ba71-d1bd5db880a0	a9f65202-6dec-403e-948a-a1adc859c10b	CREATED	\N	DRAFT	\N	null	2026-06-02 11:03:48.66755
20df66a4-e8aa-4197-9a78-8d2c71c164ac	c7f40f6c-766c-491c-ba71-d1bd5db880a0	a9f65202-6dec-403e-948a-a1adc859c10b	SUBMITTED	DRAFT	SUBMITTED	\N	null	2026-06-02 11:05:16.101037
beda912d-861a-4bb8-93f0-224e5df3c998	36ff61e2-d6ba-4b2f-aa98-f09d57ee686d	a9f65202-6dec-403e-948a-a1adc859c10b	CREATED	\N	DRAFT	\N	null	2026-06-02 11:22:42.417906
e790e186-6b67-430b-93b6-0987cc0ae545	85d48e75-7cb5-448b-857b-805dfa363002	a9f65202-6dec-403e-948a-a1adc859c10b	CREATED	\N	DRAFT	\N	null	2026-06-02 11:24:36.219784
3926a902-abe9-40e7-a95b-93b7a1f37fcc	85d48e75-7cb5-448b-857b-805dfa363002	a9f65202-6dec-403e-948a-a1adc859c10b	SUBMITTED	DRAFT	SUBMITTED	\N	null	2026-06-02 11:24:57.761715
af957209-850a-4f2f-beeb-7b794624ddcb	85d48e75-7cb5-448b-857b-805dfa363002	455066fb-c2ee-4761-adb2-0d61bda3db98	RETURNED	SUBMITTED	RETURNED	abc	null	2026-06-03 07:19:16.134061
0d7f9995-d1c0-476e-bcfe-b08ad350640f	812224cb-f9b6-40fd-8cd1-9bd07b6706ba	a9f65202-6dec-403e-948a-a1adc859c10b	CREATED	\N	DRAFT	\N	null	2026-06-03 09:49:12.311454
56861b83-71f1-4f40-8263-b2eda437b31d	812224cb-f9b6-40fd-8cd1-9bd07b6706ba	a9f65202-6dec-403e-948a-a1adc859c10b	SUBMITTED	DRAFT	SUBMITTED	\N	null	2026-06-03 09:49:18.704936
20e65990-99be-403a-90ed-566522bf03ac	d5e2a4e1-5e04-46ba-bb1c-f71739c68804	a9f65202-6dec-403e-948a-a1adc859c10b	CREATED	\N	DRAFT	\N	null	2026-06-03 10:08:48.196793
4d3af854-c341-473c-8873-930269ade713	d5e2a4e1-5e04-46ba-bb1c-f71739c68804	a9f65202-6dec-403e-948a-a1adc859c10b	SUBMITTED	DRAFT	SUBMITTED	\N	null	2026-06-03 10:08:51.645429
73cd1ee5-d126-46f0-ae6e-ff500e6dd474	f7575d82-dcb6-4c09-91f5-9e40cf728161	a9f65202-6dec-403e-948a-a1adc859c10b	CREATED	\N	DRAFT	\N	null	2026-06-03 10:11:45.042683
52ae435a-4447-45f9-9cfb-34b69e355381	f7575d82-dcb6-4c09-91f5-9e40cf728161	a9f65202-6dec-403e-948a-a1adc859c10b	SUBMITTED	DRAFT	SUBMITTED	\N	null	2026-06-03 10:11:47.933123
6a5183e3-0c48-48ac-ba59-744d0c52a217	70fad9d9-bfe6-489f-9250-485ad3876348	a9f65202-6dec-403e-948a-a1adc859c10b	CREATED	\N	DRAFT	\N	null	2026-06-05 11:48:41.735169
663f3b1e-26ae-4802-aea6-5cf554317a57	36ff61e2-d6ba-4b2f-aa98-f09d57ee686d	a9f65202-6dec-403e-948a-a1adc859c10b	SUBMITTED	DRAFT	SUBMITTED	\N	null	2026-06-05 12:54:59.623883
65b91ee7-7ab8-48d1-bd93-990d016946d4	faac6ed0-7adf-4532-a7bd-cf0fb314db81	a9f65202-6dec-403e-948a-a1adc859c10b	CREATED	\N	DRAFT	\N	null	2026-06-06 05:16:35.623903
928d5e86-9c21-428d-91f9-f28874c6cbd9	faac6ed0-7adf-4532-a7bd-cf0fb314db81	a9f65202-6dec-403e-948a-a1adc859c10b	SUBMITTED	DRAFT	SUBMITTED	\N	null	2026-06-06 05:16:46.358224
d7ff168a-66e0-4bfc-9c65-35fc114e23d5	ecb2d397-01d5-4316-b013-3ead3c922bc4	a9f65202-6dec-403e-948a-a1adc859c10b	CREATED	\N	DRAFT	\N	null	2026-06-06 05:26:09.265408
8dabfa25-9d10-4784-b258-320ed7c82c48	ecb2d397-01d5-4316-b013-3ead3c922bc4	a9f65202-6dec-403e-948a-a1adc859c10b	SUBMITTED	DRAFT	SUBMITTED	\N	null	2026-06-06 05:26:15.428907
9a08aa32-5c11-4fc5-a4d7-50e9e0814b30	ecb2d397-01d5-4316-b013-3ead3c922bc4	3918d3cf-626e-41d6-b721-df89d2ccea43	APPROVED	SUBMITTED	L1_APPROVED	\N	null	2026-06-06 05:38:04.932664
e328fc9c-116d-44c4-9794-4b1d214bb825	ecb2d397-01d5-4316-b013-3ead3c922bc4	9f5f1962-d949-49b5-8c4e-7ffdcca6c0be	APPROVED	L1_APPROVED	L2_APPROVED	\N	null	2026-06-06 05:40:10.53632
ace1cd48-a0f9-4802-966a-71b6b2f0bf05	ecb2d397-01d5-4316-b013-3ead3c922bc4	455066fb-c2ee-4761-adb2-0d61bda3db98	APPROVED	L2_APPROVED	L3_APPROVED	\N	null	2026-06-06 05:40:32.533343
cf204d7e-e800-4fb9-bdc3-62faf9ad7c26	ecb2d397-01d5-4316-b013-3ead3c922bc4	2acb822a-6456-403a-ac35-20f111b337ad	APPROVED	L3_APPROVED	APPROVED	\N	null	2026-06-06 05:43:38.116511
30507745-11cf-4ce6-8f17-d352f86b3de7	89c9f7bf-b874-4116-8d6b-40dc58665cf1	a9f65202-6dec-403e-948a-a1adc859c10b	CREATED	\N	DRAFT	\N	null	2026-06-06 06:12:32.856157
16ab767c-5d30-4793-8f9c-dcbd995fff80	89c9f7bf-b874-4116-8d6b-40dc58665cf1	a9f65202-6dec-403e-948a-a1adc859c10b	SUBMITTED	DRAFT	SUBMITTED	\N	null	2026-06-06 07:04:12.422172
3f5cbb41-3c2d-4aa5-afa7-d563ea7345a6	c5a121ae-9f51-4b42-b7e3-c17945d8df35	a9f65202-6dec-403e-948a-a1adc859c10b	CREATED	\N	DRAFT	\N	null	2026-06-06 07:09:43.897188
684f6064-f734-42c1-8472-f4c6b85d3135	8e8f0c1a-072d-498d-959c-c021c2ad3c33	a9f65202-6dec-403e-948a-a1adc859c10b	CREATED	\N	DRAFT	\N	null	2026-06-06 07:16:03.040289
3c5372f8-83ba-412c-8aab-21dd9592bd0e	8e8f0c1a-072d-498d-959c-c021c2ad3c33	a9f65202-6dec-403e-948a-a1adc859c10b	SUBMITTED	DRAFT	SUBMITTED	\N	null	2026-06-06 07:16:07.824115
e6d7c9ea-fb27-4c2e-9d46-3497f2c85c42	8e8f0c1a-072d-498d-959c-c021c2ad3c33	55ac4337-1dd4-4810-ae29-ddf6b08cf137	APPROVED	SUBMITTED	L1_APPROVED	\N	null	2026-06-06 07:16:36.329723
4fc9757c-c64a-4923-b736-68c8a5e2fe8a	8e8f0c1a-072d-498d-959c-c021c2ad3c33	9f5f1962-d949-49b5-8c4e-7ffdcca6c0be	APPROVED	L1_APPROVED	L2_APPROVED	\N	null	2026-06-06 07:20:03.399307
6c08ba65-d471-4181-a9ce-7aa946b70857	8e8f0c1a-072d-498d-959c-c021c2ad3c33	455066fb-c2ee-4761-adb2-0d61bda3db98	APPROVED	L2_APPROVED	L3_APPROVED	\N	null	2026-06-06 07:20:34.613758
ea4a7dd8-c8be-475f-87d0-1216f04a3b8a	8e8f0c1a-072d-498d-959c-c021c2ad3c33	2acb822a-6456-403a-ac35-20f111b337ad	RETURNED	L3_APPROVED	RETURNED	DEMO	null	2026-06-06 07:43:19.097652
b97f83e8-6c34-434c-99e3-8cfbc18aba74	4e40e54e-7a4b-4282-8cc3-423526a7967c	a9f65202-6dec-403e-948a-a1adc859c10b	CREATED	\N	DRAFT	\N	null	2026-06-08 06:19:04.127825
a5ffdb00-5916-40bc-9451-5716884e99c0	4e40e54e-7a4b-4282-8cc3-423526a7967c	a9f65202-6dec-403e-948a-a1adc859c10b	SUBMITTED	DRAFT	SUBMITTED	\N	null	2026-06-08 06:19:17.711701
a93c487f-e4d2-4745-909c-52ede49e442e	4e40e54e-7a4b-4282-8cc3-423526a7967c	55ac4337-1dd4-4810-ae29-ddf6b08cf137	APPROVED	SUBMITTED	L1_APPROVED	\N	null	2026-06-08 06:31:06.340632
0fcdee02-c90e-426d-aa2d-f6c568f2dfe0	4e40e54e-7a4b-4282-8cc3-423526a7967c	9f5f1962-d949-49b5-8c4e-7ffdcca6c0be	APPROVED	L1_APPROVED	L2_APPROVED	\N	null	2026-06-08 06:36:16.196256
e8ecf96f-e6f7-4a56-9948-5ecf4437717a	4e40e54e-7a4b-4282-8cc3-423526a7967c	455066fb-c2ee-4761-adb2-0d61bda3db98	APPROVED	L2_APPROVED	L3_APPROVED	\N	null	2026-06-08 06:36:47.418586
899d0373-3986-4bf3-896e-d190e93a4f69	4e40e54e-7a4b-4282-8cc3-423526a7967c	2acb822a-6456-403a-ac35-20f111b337ad	APPROVED	L3_APPROVED	L4_APPROVED	\N	null	2026-06-08 06:37:10.230438
6d9ed703-3318-4c35-951b-5c86e2f7ced9	4e40e54e-7a4b-4282-8cc3-423526a7967c	e1b359c0-70dc-4479-a580-330ca153efd8	APPROVED	L4_APPROVED	L5_APPROVED	\N	null	2026-06-08 06:56:01.140085
f6bfbde0-0326-4c4e-8cbc-5c850c83e454	544c4a18-05ae-45c3-93e9-ec81506a5d0b	a9f65202-6dec-403e-948a-a1adc859c10b	CREATED	\N	DRAFT	\N	null	2026-06-08 07:08:48.823646
e520cfe8-6379-442d-b76d-0d1b26c9b735	544c4a18-05ae-45c3-93e9-ec81506a5d0b	a9f65202-6dec-403e-948a-a1adc859c10b	SUBMITTED	DRAFT	SUBMITTED	\N	null	2026-06-08 07:08:52.281083
c3e1cc77-112f-45bd-bf18-ba1e6e112013	544c4a18-05ae-45c3-93e9-ec81506a5d0b	55ac4337-1dd4-4810-ae29-ddf6b08cf137	APPROVED	SUBMITTED	L1_APPROVED	\N	null	2026-06-08 07:09:26.044524
31df19ec-378f-466c-975e-6bb989f756d6	544c4a18-05ae-45c3-93e9-ec81506a5d0b	9f5f1962-d949-49b5-8c4e-7ffdcca6c0be	APPROVED	L1_APPROVED	L2_APPROVED	\N	null	2026-06-08 07:10:46.968387
52bb857b-ec76-4a7f-8c54-4125dad52b7a	544c4a18-05ae-45c3-93e9-ec81506a5d0b	455066fb-c2ee-4761-adb2-0d61bda3db98	APPROVED	L2_APPROVED	L3_APPROVED	\N	null	2026-06-08 07:11:13.251456
ca68ea80-dfc4-41b6-9e86-4b1640c50e1d	544c4a18-05ae-45c3-93e9-ec81506a5d0b	2acb822a-6456-403a-ac35-20f111b337ad	APPROVED	L3_APPROVED	L4_APPROVED	\N	null	2026-06-08 07:11:26.377676
f84d31a1-d2c0-4ef1-9887-a063e206e339	fe6f165a-6182-407e-bf5f-c9d87e9a974a	a9f65202-6dec-403e-948a-a1adc859c10b	CREATED	\N	DRAFT	\N	null	2026-06-08 07:19:00.510046
b1a9ca89-f349-41a2-9401-332315402694	fe6f165a-6182-407e-bf5f-c9d87e9a974a	a9f65202-6dec-403e-948a-a1adc859c10b	SUBMITTED	DRAFT	SUBMITTED	\N	null	2026-06-08 07:19:04.621648
9543a310-da62-412d-9f28-ce460ae18998	fe6f165a-6182-407e-bf5f-c9d87e9a974a	55ac4337-1dd4-4810-ae29-ddf6b08cf137	APPROVED	SUBMITTED	L1_APPROVED	\N	null	2026-06-08 07:19:39.587498
d33f09a3-d764-4b5d-8c34-28f842278815	fe6f165a-6182-407e-bf5f-c9d87e9a974a	9f5f1962-d949-49b5-8c4e-7ffdcca6c0be	APPROVED	L1_APPROVED	L2_APPROVED	\N	null	2026-06-08 07:19:50.021903
77b3174e-af13-44a5-8f62-ff2ee7e4db03	fe6f165a-6182-407e-bf5f-c9d87e9a974a	455066fb-c2ee-4761-adb2-0d61bda3db98	APPROVED	L2_APPROVED	L3_APPROVED	\N	null	2026-06-08 07:20:12.359008
7fd28738-2a83-4793-a677-8c16e072c8ff	fe6f165a-6182-407e-bf5f-c9d87e9a974a	2acb822a-6456-403a-ac35-20f111b337ad	APPROVED	L3_APPROVED	L4_APPROVED	\N	null	2026-06-08 07:20:25.910108
3e7b2163-03c8-4cbd-974a-6f80e7e8108d	fe6f165a-6182-407e-bf5f-c9d87e9a974a	e1b359c0-70dc-4479-a580-330ca153efd8	APPROVED	L4_APPROVED	L5_APPROVED	\N	null	2026-06-08 07:21:14.343996
93ca4001-eba4-46d2-a293-8acf37787fea	fe6f165a-6182-407e-bf5f-c9d87e9a974a	7336d329-e979-4738-865e-10b9d36b3a8f	APPROVED	L5_APPROVED	APPROVED	\N	null	2026-06-08 07:58:31.197998
45f3cfc5-04cd-4fe2-99f9-26b31d9b4523	c60b5e39-f94f-4572-9c27-af4f4875bf5f	7336d329-e979-4738-865e-10b9d36b3a8f	CREATED	\N	DRAFT	\N	null	2026-06-08 11:03:12.414444
6a17bb01-bb65-4a37-88ea-567c97ef3fd2	262d6209-f596-4fd5-816a-9ef4b3c17181	7336d329-e979-4738-865e-10b9d36b3a8f	CREATED	\N	DRAFT	\N	null	2026-06-08 11:25:43.945539
96c8c868-05e5-4f56-94fb-08775e231943	03064e27-4e86-4b66-b479-22813213f2e3	7336d329-e979-4738-865e-10b9d36b3a8f	CREATED	\N	DRAFT	\N	null	2026-06-08 11:27:14.661987
4336199d-585b-4ec5-bd7b-a8367f007cc4	ca8125c7-0a99-44b7-b6cc-862df7009809	7336d329-e979-4738-865e-10b9d36b3a8f	CREATED	\N	DRAFT	\N	null	2026-06-08 11:32:04.503055
c234dc6a-d590-4021-b373-acb80434ba94	27a80d02-f9a8-452b-bee4-6281e4f5d81c	a9f65202-6dec-403e-948a-a1adc859c10b	CREATED	\N	DRAFT	\N	null	2026-06-08 11:47:08.483145
150008ee-edbb-402e-8187-503645750bf3	793fc6ce-7968-4589-ac92-b0d767d167fb	e749a81a-6f9a-4c61-8eac-f4e5ed5e137e	APPROVED	SUBMITTED	L1_APPROVED	\N	null	2026-06-10 05:25:42.271626
569f01b6-1ebd-419e-81dc-2d522b9c131e	b193388b-e67e-4d9a-9c95-be90c5ddd8f4	9b1488b7-3c61-47e7-9650-fe508e500b53	CREATED	\N	DRAFT	\N	null	2026-06-10 06:33:03.209421
f3d5851d-1825-440d-9ab3-ae49f79a4391	edd651fb-abf5-4835-b9fe-ae181289198b	a9f65202-6dec-403e-948a-a1adc859c10b	CREATED	\N	DRAFT	\N	null	2026-06-10 06:40:43.703734
0323a958-eb35-4001-99fa-036d79229b93	9c1fdded-bbdd-4dbd-8fa3-823eadc7adcf	a9f65202-6dec-403e-948a-a1adc859c10b	CREATED	\N	DRAFT	\N	null	2026-06-10 06:54:27.108707
e0b8f176-d89d-4e0f-9e14-0ed4ed3a7946	b0fd9007-b0d3-4c64-8496-fa9bc665ec3c	a9f65202-6dec-403e-948a-a1adc859c10b	CREATED	\N	DRAFT	\N	null	2026-06-10 10:16:00.889354
948758ae-414c-4916-855f-e0fbae6e61f7	3503fc43-c0ee-4215-9530-21c0efadc9cd	a9f65202-6dec-403e-948a-a1adc859c10b	CREATED	\N	DRAFT	\N	null	2026-06-10 10:18:34.86927
9f625f79-90d6-4ad0-af34-22998e530d6d	3503fc43-c0ee-4215-9530-21c0efadc9cd	a9f65202-6dec-403e-948a-a1adc859c10b	SUBMITTED	DRAFT	SUBMITTED	\N	null	2026-06-10 10:48:38.469352
a9b4d039-9fd8-493a-a95f-51c1402b07d1	3503fc43-c0ee-4215-9530-21c0efadc9cd	55ac4337-1dd4-4810-ae29-ddf6b08cf137	APPROVED	SUBMITTED	L1_APPROVED	\N	null	2026-06-10 10:56:58.968846
19e716d2-0369-4950-b78c-9c527911ec0d	3503fc43-c0ee-4215-9530-21c0efadc9cd	9f5f1962-d949-49b5-8c4e-7ffdcca6c0be	APPROVED	L1_APPROVED	L2_APPROVED	\N	null	2026-06-10 10:57:13.910896
8d845670-b392-44fa-bfec-cbad1e032408	3503fc43-c0ee-4215-9530-21c0efadc9cd	455066fb-c2ee-4761-adb2-0d61bda3db98	APPROVED	L2_APPROVED	L3_APPROVED	\N	null	2026-06-10 10:58:15.596076
de2edb83-a90f-43f0-9f51-248874cba9ef	3503fc43-c0ee-4215-9530-21c0efadc9cd	2acb822a-6456-403a-ac35-20f111b337ad	APPROVED	L3_APPROVED	L4_APPROVED	\N	null	2026-06-10 10:58:25.332866
a1ac91ba-94a6-490b-b001-dfccc2cb8922	3503fc43-c0ee-4215-9530-21c0efadc9cd	e1b359c0-70dc-4479-a580-330ca153efd8	APPROVED	L4_APPROVED	L5_APPROVED	\N	null	2026-06-10 10:58:49.320668
19052523-4bee-4eeb-913d-f517cec63ee6	3503fc43-c0ee-4215-9530-21c0efadc9cd	7336d329-e979-4738-865e-10b9d36b3a8f	APPROVED	L5_APPROVED	APPROVED	\N	null	2026-06-10 10:59:01.594028
44a8ec79-5469-423e-982a-39d75bed3b4f	18ac0ea1-9ba7-4fe6-9d79-016186e2cf9d	8b847e18-42d6-4054-9df1-278114cf27d5	CREATED	\N	DRAFT	\N	null	2026-06-11 07:41:45.08771
8b12a78c-c423-4fae-8cb9-21491a4b9881	18ac0ea1-9ba7-4fe6-9d79-016186e2cf9d	8b847e18-42d6-4054-9df1-278114cf27d5	SUBMITTED	DRAFT	SUBMITTED	\N	null	2026-06-11 10:36:46.697739
6c25687c-5aa5-4280-a348-91b0acf5200d	f82aedc9-f60e-483f-a3c1-75e6be82d4c5	8b847e18-42d6-4054-9df1-278114cf27d5	CREATED	\N	DRAFT	\N	null	2026-06-12 06:09:23.792881
7958c74b-d6f8-4704-9697-17674271f2fe	f82aedc9-f60e-483f-a3c1-75e6be82d4c5	8b847e18-42d6-4054-9df1-278114cf27d5	SUBMITTED	DRAFT	SUBMITTED	\N	null	2026-06-12 06:09:33.073804
788d70c5-a9b0-410a-951a-e24f74db95ca	f82aedc9-f60e-483f-a3c1-75e6be82d4c5	455066fb-c2ee-4761-adb2-0d61bda3db98	APPROVED	SUBMITTED	L1_APPROVED	\N	null	2026-06-12 06:10:11.032962
569ca755-fc0c-428e-8c88-6e2831674167	5d63f592-7c98-483f-992c-447ef5bad0de	8b847e18-42d6-4054-9df1-278114cf27d5	CREATED	\N	DRAFT	\N	null	2026-06-12 06:39:13.514955
b93b4bb3-8679-4476-a967-69b986e7f868	5d63f592-7c98-483f-992c-447ef5bad0de	8b847e18-42d6-4054-9df1-278114cf27d5	SUBMITTED	DRAFT	SUBMITTED	\N	null	2026-06-12 06:39:15.680648
1bf45009-55e5-4954-a129-fdb6032be7d8	5d63f592-7c98-483f-992c-447ef5bad0de	455066fb-c2ee-4761-adb2-0d61bda3db98	APPROVED	SUBMITTED	L1_APPROVED	\N	null	2026-06-12 06:40:58.331598
2c776360-22bb-4ce8-aa55-df35fbb6fb28	5d63f592-7c98-483f-992c-447ef5bad0de	a9f65202-6dec-403e-948a-a1adc859c10b	APPROVED	L1_APPROVED	L2_APPROVED	\N	null	2026-06-12 09:41:03.928373
fae97b72-34a6-45bc-a0ee-5db5032f966d	94739164-22dd-4c9d-a57f-085d69d129ac	8b847e18-42d6-4054-9df1-278114cf27d5	CREATED	\N	DRAFT	\N	null	2026-06-12 10:05:11.338002
f73e19c3-5474-4ac8-98a3-9b7b38d9e957	94739164-22dd-4c9d-a57f-085d69d129ac	8b847e18-42d6-4054-9df1-278114cf27d5	SUBMITTED	DRAFT	SUBMITTED	\N	null	2026-06-12 10:05:13.405253
b33712a2-c695-4f15-8e5a-31bd6a94e60e	94739164-22dd-4c9d-a57f-085d69d129ac	455066fb-c2ee-4761-adb2-0d61bda3db98	APPROVED	SUBMITTED	L1_APPROVED	\N	null	2026-06-12 10:05:39.611938
b5f84b79-5c0f-442f-9417-b981817b0a12	94739164-22dd-4c9d-a57f-085d69d129ac	a9f65202-6dec-403e-948a-a1adc859c10b	APPROVED	L1_APPROVED	L2_APPROVED	\N	null	2026-06-12 10:07:04.00101
d7515184-af08-4527-b1e0-f0c519368f99	4e40e54e-7a4b-4282-8cc3-423526a7967c	7336d329-e979-4738-865e-10b9d36b3a8f	APPROVED	L5_APPROVED	APPROVED	\N	null	2026-06-12 10:29:24.000736
96a86a2e-5eb2-41ab-8309-40dc27429dc3	f14d344a-bf9f-44ad-8cfe-941de0abca2d	8b847e18-42d6-4054-9df1-278114cf27d5	CREATED	\N	DRAFT	\N	null	2026-06-12 10:36:59.163144
1498a882-3fcf-4e59-aea2-be1f92109eca	f14d344a-bf9f-44ad-8cfe-941de0abca2d	8b847e18-42d6-4054-9df1-278114cf27d5	SUBMITTED	DRAFT	SUBMITTED	\N	null	2026-06-12 10:37:05.034329
7500b369-8227-4b61-8c85-571096e803da	f14d344a-bf9f-44ad-8cfe-941de0abca2d	455066fb-c2ee-4761-adb2-0d61bda3db98	APPROVED	SUBMITTED	L1_APPROVED	\N	null	2026-06-12 10:37:28.922783
a728f869-c683-4e06-8d77-dd871c1ece6b	f14d344a-bf9f-44ad-8cfe-941de0abca2d	a9f65202-6dec-403e-948a-a1adc859c10b	APPROVED	L1_APPROVED	L2_APPROVED	\N	null	2026-06-12 10:38:00.346579
2122dd8b-2964-4d00-aad5-df00d5240afe	63c59f87-d7bb-4426-b19f-42a1dc75d861	8b847e18-42d6-4054-9df1-278114cf27d5	CREATED	\N	DRAFT	\N	null	2026-06-13 08:32:27.010487
9d25114d-45ef-4e87-9dfa-b1013213e59a	63c59f87-d7bb-4426-b19f-42a1dc75d861	8b847e18-42d6-4054-9df1-278114cf27d5	SUBMITTED	DRAFT	SUBMITTED	\N	null	2026-06-13 08:32:34.457255
275a675f-daa5-4e1f-b0c0-4bb01daa8d1b	63c59f87-d7bb-4426-b19f-42a1dc75d861	455066fb-c2ee-4761-adb2-0d61bda3db98	APPROVED	SUBMITTED	L1_APPROVED	\N	null	2026-06-13 08:33:20.836853
989788e5-7bd4-4f86-9e4d-33cd0476ce17	63c59f87-d7bb-4426-b19f-42a1dc75d861	a9f65202-6dec-403e-948a-a1adc859c10b	APPROVED	L1_APPROVED	L2_APPROVED	\N	null	2026-06-13 08:34:49.464179
394d46dd-40b9-4297-a2b6-92ceea120d0e	1bfdab8d-9660-4733-92bd-d2150a53a21e	8b847e18-42d6-4054-9df1-278114cf27d5	CREATED	\N	DRAFT	\N	null	2026-06-13 09:41:44.816213
4b5c91dc-1507-46f3-9049-d0665cec243a	885d11d6-4c07-4922-b6e8-337b634444de	8b847e18-42d6-4054-9df1-278114cf27d5	CREATED	\N	DRAFT	\N	null	2026-06-13 11:12:26.883596
ed3eb779-3ead-48f0-befa-481b89ee2226	885d11d6-4c07-4922-b6e8-337b634444de	8b847e18-42d6-4054-9df1-278114cf27d5	SUBMITTED	DRAFT	SUBMITTED	\N	null	2026-06-13 11:12:31.672273
fa3da0bb-e6cd-4d12-ad7f-9abbfac1b698	885d11d6-4c07-4922-b6e8-337b634444de	455066fb-c2ee-4761-adb2-0d61bda3db98	APPROVED	SUBMITTED	L1_APPROVED	\N	null	2026-06-15 08:20:22.70862
0ec1d397-b9a6-4f66-ac4f-1a8e81186fe2	885d11d6-4c07-4922-b6e8-337b634444de	a9f65202-6dec-403e-948a-a1adc859c10b	APPROVED	L1_APPROVED	L2_APPROVED	\N	null	2026-06-15 10:58:21.096833
998713ae-f1df-4f86-aa2b-72892960d2e0	885d11d6-4c07-4922-b6e8-337b634444de	9f5f1962-d949-49b5-8c4e-7ffdcca6c0be	APPROVED	L2_APPROVED	L3_APPROVED	\N	null	2026-06-15 11:39:25.234667
fa1d3227-b5eb-40a4-a265-1261f5984ca2	a09efaf7-98a2-4e60-be3e-ded3e9ea38cd	8b847e18-42d6-4054-9df1-278114cf27d5	CREATED	\N	DRAFT	\N	null	2026-06-16 10:38:03.171936
120b3958-7967-41f8-95e2-4a126bb41670	77d10d5d-9bc1-4433-87ab-070e44800187	3918d3cf-626e-41d6-b721-df89d2ccea43	CREATED	\N	DRAFT	\N	null	2026-06-19 05:30:00.090063
e1b8d7fa-b7af-4b28-b4bd-b92dcc5e5034	77d10d5d-9bc1-4433-87ab-070e44800187	3918d3cf-626e-41d6-b721-df89d2ccea43	SUBMITTED	DRAFT	SUBMITTED	\N	null	2026-06-19 05:30:05.007043
85bc11cd-342f-4385-8894-01631e8a0a2e	cbee536f-bf7f-47f2-b1fe-b5c15aee397a	3918d3cf-626e-41d6-b721-df89d2ccea43	CREATED	\N	DRAFT	\N	null	2026-06-19 05:49:45.713377
5c7be64d-6fe2-45d4-af1d-c2a0d8a21ec5	cbee536f-bf7f-47f2-b1fe-b5c15aee397a	3918d3cf-626e-41d6-b721-df89d2ccea43	SUBMITTED	DRAFT	SUBMITTED	\N	null	2026-06-19 05:49:50.616412
43ef3f59-6f23-44c0-a953-9aca10fcda45	2ece26ca-907a-4ac7-855f-271176490dae	3918d3cf-626e-41d6-b721-df89d2ccea43	CREATED	\N	DRAFT	\N	null	2026-06-19 06:01:56.642806
5666da6e-9593-42f2-ae74-206d5ef83c80	2ece26ca-907a-4ac7-855f-271176490dae	3918d3cf-626e-41d6-b721-df89d2ccea43	SUBMITTED	DRAFT	SUBMITTED	\N	null	2026-06-19 06:01:58.898628
12fc0e17-f730-469a-ab7b-00f4396e5cdc	d30b0e3f-72f3-4121-8f39-f59e6465307b	3918d3cf-626e-41d6-b721-df89d2ccea43	CREATED	\N	DRAFT	\N	null	2026-06-19 06:09:07.515126
0e35a17b-d806-49b7-8efa-35824f6f08a6	d30b0e3f-72f3-4121-8f39-f59e6465307b	3918d3cf-626e-41d6-b721-df89d2ccea43	SUBMITTED	DRAFT	SUBMITTED	\N	null	2026-06-19 06:09:09.302816
2f821529-1fce-47eb-b339-e8d985d40796	06b3623f-2a24-4fa6-8abd-19fa115894cd	3918d3cf-626e-41d6-b721-df89d2ccea43	CREATED	\N	DRAFT	\N	null	2026-06-19 06:17:01.085341
d2485d8e-9992-4588-80c8-603c67559994	06b3623f-2a24-4fa6-8abd-19fa115894cd	3918d3cf-626e-41d6-b721-df89d2ccea43	SUBMITTED	DRAFT	SUBMITTED	\N	null	2026-06-19 06:17:04.907799
3c265c55-f39f-41e3-8cd8-3f3a1ed9f079	b71592cd-3050-47bb-a738-dd577a01e72a	3918d3cf-626e-41d6-b721-df89d2ccea43	CREATED	\N	DRAFT	\N	null	2026-06-19 06:37:07.708162
\.


--
-- Data for Name: po_articles; Type: TABLE DATA; Schema: public; Owner: pouser
--

COPY public.po_articles (id, po_id, article_id, created_at) FROM stdin;
\.


--
-- Data for Name: po_attachments; Type: TABLE DATA; Schema: public; Owner: pouser
--

COPY public.po_attachments (created_at, updated_at, id, purchase_order_id, filename, s3_key, content_type, size_bytes, uploaded_by_id) FROM stdin;
2026-06-05 11:48:41.760183	2026-06-05 11:48:41.760187	dc1d43f8-80bf-43e4-be8d-2aaa01b5e1fd	70fad9d9-bfe6-489f-9250-485ad3876348	AURORA_INVOICE.pdf	uploads/70fad9d9-bfe6-489f-9250-485ad3876348/AURORA_INVOICE.pdf	application/pdf	152401	a9f65202-6dec-403e-948a-a1adc859c10b
2026-06-10 10:18:34.88935	2026-06-10 10:18:34.889355	a1b5c5d1-540d-4686-af7d-cf19e79cc9d4	3503fc43-c0ee-4215-9530-21c0efadc9cd	OCEANIC_Invoice.pdf	/app/uploads/3503fc43-c0ee-4215-9530-21c0efadc9cd/b558a525-82b8-4a87-8e62-3eedf3d00054.pdf	application/pdf	195076	a9f65202-6dec-403e-948a-a1adc859c10b
2026-06-11 07:41:45.119102	2026-06-11 07:41:45.119106	1ef523c2-b52b-4efb-afa8-425c7c275acf	18ac0ea1-9ba7-4fe6-9d79-016186e2cf9d	STELLAR_INVOICE.pdf	/app/uploads/18ac0ea1-9ba7-4fe6-9d79-016186e2cf9d/f71af118-4111-4f08-8eb3-c81be6501e5d.pdf	application/pdf	177924	8b847e18-42d6-4054-9df1-278114cf27d5
2026-06-12 06:09:23.811255	2026-06-12 06:09:23.81126	19f1c99e-dace-411e-b8fa-07b837213f2c	f82aedc9-f60e-483f-a3c1-75e6be82d4c5	OCEANIC_Invoice.pdf	/app/uploads/f82aedc9-f60e-483f-a3c1-75e6be82d4c5/436a3237-04d1-4b40-ab77-c6f13474615a.pdf	application/pdf	195076	8b847e18-42d6-4054-9df1-278114cf27d5
2026-06-12 06:39:13.529524	2026-06-12 06:39:13.529529	d8060f47-8f46-4414-83c5-cdecec538584	5d63f592-7c98-483f-992c-447ef5bad0de	OCEANIC_Invoice.pdf	/app/uploads/5d63f592-7c98-483f-992c-447ef5bad0de/f94154ec-2915-47f5-a8de-3714402eed57.pdf	application/pdf	195076	8b847e18-42d6-4054-9df1-278114cf27d5
2026-06-12 10:36:59.178471	2026-06-12 10:36:59.178484	c2d731ae-a897-42a1-8838-ae9ebda05fe1	f14d344a-bf9f-44ad-8cfe-941de0abca2d	OMEGA_INVOICE.pdf	/app/uploads/f14d344a-bf9f-44ad-8cfe-941de0abca2d/6958f60f-1179-4327-8c15-f4d24652459f.pdf	application/pdf	180952	8b847e18-42d6-4054-9df1-278114cf27d5
2026-06-13 08:32:27.050069	2026-06-13 08:32:27.050074	0c459eca-25c1-4092-89db-f5eee1f02210	63c59f87-d7bb-4426-b19f-42a1dc75d861	SUNCOAST_INVOICE.pdf	/app/uploads/63c59f87-d7bb-4426-b19f-42a1dc75d861/bbbe96e8-4236-4a90-a60f-647d50b4130c.pdf	application/pdf	3985698	8b847e18-42d6-4054-9df1-278114cf27d5
2026-06-13 09:41:44.835627	2026-06-13 09:41:44.835632	ff932cde-cd0e-485b-b019-705c9b6aa514	1bfdab8d-9660-4733-92bd-d2150a53a21e	OCEANIC_Invoice.pdf	/app/uploads/1bfdab8d-9660-4733-92bd-d2150a53a21e/d865e70d-cb6b-48e3-965f-717be25b49ce.pdf	application/pdf	195076	8b847e18-42d6-4054-9df1-278114cf27d5
2026-06-13 11:12:26.903457	2026-06-13 11:12:26.903461	993073b8-aa7e-43e6-8bdc-2d58f0688516	885d11d6-4c07-4922-b6e8-337b634444de	STELLAR_INVOICE.pdf	/app/uploads/885d11d6-4c07-4922-b6e8-337b634444de/04b54ddc-b13a-44c2-88e2-a4beba42573e.pdf	application/pdf	177924	8b847e18-42d6-4054-9df1-278114cf27d5
2026-06-16 10:38:03.206397	2026-06-16 10:38:03.206402	7fc1d888-1e09-4c84-9c02-c48c54f080b3	a09efaf7-98a2-4e60-be3e-ded3e9ea38cd	OMEGA_INVOICE.pdf	/app/uploads/a09efaf7-98a2-4e60-be3e-ded3e9ea38cd/097e206b-34f2-470b-a8ec-ba7cd4bf7a05.pdf	application/pdf	180952	8b847e18-42d6-4054-9df1-278114cf27d5
2026-06-19 05:30:00.107945	2026-06-19 05:30:00.107949	b60224d3-3a5b-45a3-85be-5daa3075ec96	77d10d5d-9bc1-4433-87ab-070e44800187	GLOBALFREIGHT_INVOICE.pdf	/app/uploads/77d10d5d-9bc1-4433-87ab-070e44800187/904f19aa-4d0d-4ef5-89cd-61ad22a38998.pdf	application/pdf	172038	3918d3cf-626e-41d6-b721-df89d2ccea43
2026-06-19 05:49:45.736092	2026-06-19 05:49:45.736097	81ec3ed4-1c9e-40a9-bcc6-d8786896f56c	cbee536f-bf7f-47f2-b1fe-b5c15aee397a	SKYLINE_INVOICE.pdf	/app/uploads/cbee536f-bf7f-47f2-b1fe-b5c15aee397a/ef572034-4efb-4891-ae7d-bdcf4a73456e.pdf	application/pdf	169407	3918d3cf-626e-41d6-b721-df89d2ccea43
\.


--
-- Data for Name: po_line_items; Type: TABLE DATA; Schema: public; Owner: pouser
--

COPY public.po_line_items (id, purchase_order_id, sort_order, description, unit_of_measure, quantity, unit_rate, amount, gst_percent, gst_amount, total) FROM stdin;
ff29b7b8-d0d4-4aca-80b9-fd84a8b37f86	0d2f112c-a70f-46ea-a625-5192ce771789	0	pipe 	nos	10.000	7000.00	70000.00	12.00	8400.00	78400.00
4198f93e-a613-4a7c-96f1-c69805c10f32	0d2f112c-a70f-46ea-a625-5192ce771789	1	valve	nos	10.000	200.00	2000.00	5.00	100.00	2100.00
521bd3bf-289e-4307-ba63-414e0f05d0fc	32a85996-0d26-4b45-b0d7-c7daa904f90a	0	bulbs 	box	10.000	400.00	4000.00	18.00	720.00	4720.00
a16027f8-9783-43d2-8ca8-e7d01b87bd8c	32a85996-0d26-4b45-b0d7-c7daa904f90a	1	wires	mt	100.000	50.00	5000.00	18.00	900.00	5900.00
90413632-fb41-44e8-90bc-17a9ab47fb8c	9170cdc5-07c1-4122-8c95-00ecb8697d9a	0	Chairs	nos	100.000	700.00	70000.00	18.00	12600.00	82600.00
66153247-8af5-4061-bdd5-60a8e8ef1cf4	21d52e54-d195-4619-ad5a-353382516819	0	abc	nos	200.000	120.00	24000.00	18.00	4320.00	28320.00
241763d1-60a1-4fc7-bb36-d6ae09d2ba3f	c7f40f6c-766c-491c-ba71-d1bd5db880a0	0	steel pipe 	nos	100.000	700.00	70000.00	18.00	12600.00	82600.00
a78b12bd-705e-4997-9c7c-d244c78765b0	36ff61e2-d6ba-4b2f-aa98-f09d57ee686d	0	STEEL PIPES 	nos	100.000	100.00	10000.00	18.00	1800.00	11800.00
cb45ba5e-0fa0-4e4f-b118-6061ac29e5bd	85d48e75-7cb5-448b-857b-805dfa363002	0	STEEL PIPES 	nos	100.000	1000.00	100000.00	18.00	18000.00	118000.00
4bd77dcb-0fe0-421f-a16a-503060a306cf	812224cb-f9b6-40fd-8cd1-9bd07b6706ba	0	Pipe	nos	10.000	20.00	200.00	18.00	36.00	236.00
51ed2140-bb5c-46a2-9cc3-9421e405b775	d5e2a4e1-5e04-46ba-bb1c-f71739c68804	0	Pipe	nos	200.000	50.00	10000.00	18.00	1800.00	11800.00
387e362e-b6da-48eb-bab4-14d725299720	f7575d82-dcb6-4c09-91f5-9e40cf728161	0	Rod	nos	110.000	110.00	12100.00	18.00	2178.00	14278.00
5b565e9b-e939-4b5e-8fe5-b79375c9643a	70fad9d9-bfe6-489f-9250-485ad3876348	0	STEEL 	nos	100.000	300.00	30000.00	18.00	5400.00	35400.00
be022896-b263-4ce4-a001-f69c95dd92a3	faac6ed0-7adf-4532-a7bd-cf0fb314db81	0	Cement 	kg	100.000	500.00	50000.00	18.00	9000.00	59000.00
594cdeaf-0376-4a66-a36b-887cd9ddbae2	ecb2d397-01d5-4316-b013-3ead3c922bc4	0	Pipe	nos	100.000	100.00	10000.00	18.00	1800.00	11800.00
37df613a-b27b-4ec5-ac86-6ce8526ded68	89c9f7bf-b874-4116-8d6b-40dc58665cf1	0	Rod	nos	100.000	100.00	10000.00	18.00	1800.00	11800.00
0eb6a2f2-c1d5-4b82-89f2-e5612601b3c9	c5a121ae-9f51-4b42-b7e3-c17945d8df35	0	Steel Pipe	nos	100.000	100.00	10000.00	18.00	1800.00	11800.00
014c7e5f-82d1-464f-bcbe-b710e081fc2b	8e8f0c1a-072d-498d-959c-c021c2ad3c33	0	cement	kg	100.000	150.00	15000.00	18.00	2700.00	17700.00
0e566b45-74c9-49f5-98cf-5df29d0696bc	4e40e54e-7a4b-4282-8cc3-423526a7967c	0	Pipe	nos	100.000	500.00	50000.00	18.00	9000.00	59000.00
d99515ab-39e3-4315-bbeb-6c649e4e493e	544c4a18-05ae-45c3-93e9-ec81506a5d0b	0	Pipe	nos	120.000	200.00	24000.00	18.00	4320.00	28320.00
881a9aa8-0091-4e24-a6e1-3df354434e3a	fe6f165a-6182-407e-bf5f-c9d87e9a974a	0	Pipe	nos	500.000	500.00	250000.00	18.00	45000.00	295000.00
cc971671-c387-4d7f-bd6a-edf074b92ef9	c60b5e39-f94f-4572-9c27-af4f4875bf5f	0	steel	nos	100.000	200.00	20000.00	18.00	3600.00	23600.00
dd09597b-eb3b-4383-82d4-4e59c521adc8	262d6209-f596-4fd5-816a-9ef4b3c17181	0	steel	nos	100.000	200.00	20000.00	18.00	3600.00	23600.00
0dae319a-c552-40af-a4cb-401a811af7ee	03064e27-4e86-4b66-b479-22813213f2e3	0	seel	nos	100.000	300.00	30000.00	18.00	5400.00	35400.00
8371a979-7767-427a-838a-6b7981ead410	ca8125c7-0a99-44b7-b6cc-862df7009809	0	steel	nos	100.000	100.00	10000.00	18.00	1800.00	11800.00
bd7c7525-15dc-4e06-8b7d-4c148378d5ae	27a80d02-f9a8-452b-bee4-6281e4f5d81c	0	steel	nos	100.000	300.00	30000.00	18.00	5400.00	35400.00
af0a054b-1157-47f6-be13-eca6661960dc	b193388b-e67e-4d9a-9c95-be90c5ddd8f4	0	STEEL PIPE 	nos	100.000	2000.00	200000.00	18.00	36000.00	236000.00
053526f0-f113-4e90-a507-7f584fce731c	edd651fb-abf5-4835-b9fe-ae181289198b	0	steel	nos	1000.000	100.00	100000.00	18.00	18000.00	118000.00
52c3927e-d19f-47c5-97bc-fe016ed08b04	9c1fdded-bbdd-4dbd-8fa3-823eadc7adcf	0	STEEL	nos	1000.000	100.00	100000.00	18.00	18000.00	118000.00
29ebb9b0-5095-4620-b292-de2a03097f6d	2518a290-a014-4c04-99e2-66982140750e	0	Steel Rods	nos	110.000	15000.00	1650000.00	18.00	297000.00	1947000.00
e3017f6b-f976-47a1-ac1a-89f8fa793849	b0fd9007-b0d3-4c64-8496-fa9bc665ec3c	0	Pipe	nos	120.000	100.00	12000.00	18.00	2160.00	14160.00
917eb101-c7ed-4352-8a5c-3781ff32ace9	3503fc43-c0ee-4215-9530-21c0efadc9cd	0	Pipe	nos	120.000	100.00	12000.00	18.00	2160.00	14160.00
b389a7de-dc6e-4466-888b-7a7a063649d4	18ac0ea1-9ba7-4fe6-9d79-016186e2cf9d	0	chair	nos	200.000	120.00	24000.00	18.00	4320.00	28320.00
f26f020e-8748-4d41-8690-5db862f5a487	f82aedc9-f60e-483f-a3c1-75e6be82d4c5	0	Chair	nos	200.000	150.00	30000.00	18.00	5400.00	35400.00
86c23d1c-0381-44bd-be63-9c358ebf4b04	5d63f592-7c98-483f-992c-447ef5bad0de	0	monitor 	nos	300.000	1000.00	300000.00	18.00	54000.00	354000.00
8a41576e-3b25-44fc-b641-fc4dc54af0d3	94739164-22dd-4c9d-a57f-085d69d129ac	0	Pipe	nos	100.000	149.52	14952.00	18.00	2691.36	17643.36
6a368b0a-ea54-4f15-a74d-53b9f15b6922	f14d344a-bf9f-44ad-8cfe-941de0abca2d	0	Pipe	nos	100.000	150.00	15000.00	18.00	2700.00	17700.00
859b8958-5693-4dbe-a0ba-06f43ffe92a3	f14d344a-bf9f-44ad-8cfe-941de0abca2d	1	Rod	nos	150.000	100.00	15000.00	18.00	2700.00	17700.00
07e9e80d-60c9-4300-9f7b-a777ab545749	63c59f87-d7bb-4426-b19f-42a1dc75d861	0	Cement	nos	120.000	100.00	12000.00	18.00	2160.00	14160.00
b3f450c8-97e5-4b6b-a55c-de33945e06fc	63c59f87-d7bb-4426-b19f-42a1dc75d861	1	Brick	nos	100.000	50.00	5000.00	18.00	900.00	5900.00
bf4b1e05-dc00-4e5b-98f2-b07e61589185	1bfdab8d-9660-4733-92bd-d2150a53a21e	0	Pipe	nos	100.000	100.00	10000.00	18.00	1800.00	11800.00
48386e48-49c8-429f-b721-e44c2a699618	885d11d6-4c07-4922-b6e8-337b634444de	0	Pipe	nos	1100.000	100.00	110000.00	18.00	19800.00	129800.00
ad757e47-4145-4028-90f1-521591b9e482	a09efaf7-98a2-4e60-be3e-ded3e9ea38cd	0	Pipe	nos	1520.000	150.00	228000.00	18.00	41040.00	269040.00
0a73def7-dd3f-47ee-b21f-ecbe2719d663	77d10d5d-9bc1-4433-87ab-070e44800187	0	Cement	nos	1000.000	150.00	150000.00	18.00	27000.00	177000.00
4e311f17-2364-4d9b-abc2-6055636c0116	cbee536f-bf7f-47f2-b1fe-b5c15aee397a	0	Cement	nos	100.000	150.00	15000.00	18.00	2700.00	17700.00
331349cf-a6b9-47e7-a2a8-9f9214d162b0	2ece26ca-907a-4ac7-855f-271176490dae	0	cement	nos	158.000	150.00	23700.00	18.00	4266.00	27966.00
ae2ab436-0597-43e1-afaf-20a8e740aa2b	d30b0e3f-72f3-4121-8f39-f59e6465307b	0	cement	nos	160.000	100.00	16000.00	18.00	2880.00	18880.00
d0852ee8-bda3-468a-a7cb-2421d7056b92	06b3623f-2a24-4fa6-8abd-19fa115894cd	0	cement	nos	140.000	100.00	14000.00	18.00	2520.00	16520.00
9d79f41f-8fa3-4241-872d-86a92f50616b	b71592cd-3050-47bb-a738-dd577a01e72a	0	cement	nos	150.000	150.00	22500.00	18.00	4050.00	26550.00
a7a11770-1aad-4ddf-9938-ed46fcda70dd	aeb59fc3-5ad4-4f06-a34c-d0f82df35de9	0	Pipe	nos	110.000	910.00	100100.00	18.00	18018.00	118118.00
d3224a52-e5f4-4a48-9555-08574f61a939	aeb59fc3-5ad4-4f06-a34c-d0f82df35de9	1	Bricks	nos	100.000	990.00	99000.00	12.00	11880.00	110880.00
d44e5359-1044-4fca-9e6c-c9f372703605	aeb59fc3-5ad4-4f06-a34c-d0f82df35de9	2	Rod	nos	50.000	1000.00	50000.00	18.00	9000.00	59000.00
982bbecd-52bf-416c-82c2-5838522a43b9	793fc6ce-7968-4589-ac92-b0d767d167fb	0	Blub	nos	100.000	49.00	4900.00	18.00	882.00	5782.00
c5e297d8-86b5-44c7-bd92-c0acd46f50bd	793fc6ce-7968-4589-ac92-b0d767d167fb	1	Wire	mt	200.000	75.00	15000.00	18.00	2700.00	17700.00
f68a9ae9-b474-41b5-8c30-950c155b4072	793fc6ce-7968-4589-ac92-b0d767d167fb	2	Meter	nos	45.000	350.00	15750.00	18.00	2835.00	18585.00
e2a2fedf-3143-43d9-ab88-5664ac697b62	793fc6ce-7968-4589-ac92-b0d767d167fb	3	Copper Wire	mt	700.000	750.00	525000.00	18.00	94500.00	619500.00
d96112cd-aa2f-46d1-93fb-40f4a7b1df18	1c695a69-78f7-4413-a5c9-0c001d0405f5	0	Pipe	nos	1000.000	100.00	100000.00	18.00	18000.00	118000.00
1af67154-8244-45dc-9aa5-635b471d8bbc	1c695a69-78f7-4413-a5c9-0c001d0405f5	1	Rod	nos	200.000	150.00	30000.00	18.00	5400.00	35400.00
6dca0708-9a9e-47e2-89c0-8a0578a06382	d40ce25b-4f77-4ff6-9ccf-d2a468bada8c	0	Steel pipe	nos	100.000	400.00	40000.00	18.00	7200.00	47200.00
\.


--
-- Name: articles_id_seq; Type: SEQUENCE SET; Schema: public; Owner: pouser
--

SELECT pg_catalog.setval('public.articles_id_seq', 1, false);


--
-- Name: po_articles_id_seq; Type: SEQUENCE SET; Schema: public; Owner: pouser
--

SELECT pg_catalog.setval('public.po_articles_id_seq', 1, false);


--
-- PostgreSQL database dump complete
--

\unrestrict zY0LezWMc7yUiT7KZ6g2H8veAKmblbZRadRypnFDGNX1E1Rhex2jjZM7P92NN6F

